C:\Users\Chaima\Desktop\jfreechart\src\main\java\org\jfree\chart\annotations\AbstractAnnotation.java : 0.6616161616161617;
C:\Users\Chaima\Desktop\jfreechart\src\main\java\org\jfree\chart\annotations\AbstractXYAnnotation.java : 0.6021505376344086;
C:\Users\Chaima\Desktop\jfreechart\src\main\java\org\jfree\chart\annotations\Annotation.java : 0.8947368421052632;
C:\Users\Chaima\Desktop\jfreechart\src\main\java\org\jfree\chart\annotations\CategoryAnnotation.java : 0.85;
C:\Users\Chaima\Desktop\jfreechart\src\main\java\org\jfree\chart\annotations\CategoryLineAnnotation.java : 0.5102564102564102;
C:\Users\Chaima\Desktop\jfreechart\src\main\java\org\jfree\chart\annotations\CategoryPointerAnnotation.java : 0.55;
C:\Users\Chaima\Desktop\jfreechart\src\main\java\org\jfree\chart\annotations\CategoryTextAnnotation.java : 0.516260162601626;
C:\Users\Chaima\Desktop\jfreechart\src\main\java\org\jfree\chart\annotations\package-info.java : 0.75;
C:\Users\Chaima\Desktop\jfreechart\src\main\java\org\jfree\chart\annotations\TextAnnotation.java : 0.5859872611464968;
C:\Users\Chaima\Desktop\jfreechart\src\main\java\org\jfree\chart\annotations\XYAnnotation.java : 0.84375;
C:\Users\Chaima\Desktop\jfreechart\src\main\java\org\jfree\chart\annotations\XYAnnotationBoundsInfo.java : 0.90625;
C:\Users\Chaima\Desktop\jfreechart\src\main\java\org\jfree\chart\annotations\XYBoxAnnotation.java : 0.49707602339181284;
C:\Users\Chaima\Desktop\jfreechart\src\main\java\org\jfree\chart\annotations\XYDataImageAnnotation.java : 0.5283582089552239;
C:\Users\Chaima\Desktop\jfreechart\src\main\java\org\jfree\chart\annotations\XYDrawableAnnotation.java : 0.5037037037037037;
C:\Users\Chaima\Desktop\jfreechart\src\main\java\org\jfree\chart\annotations\XYImageAnnotation.java : 0.5110294117647058;
C:\Users\Chaima\Desktop\jfreechart\src\main\java\org\jfree\chart\annotations\XYLineAnnotation.java : 0.46827794561933533;
C:\Users\Chaima\Desktop\jfreechart\src\main\java\org\jfree\chart\annotations\XYPointerAnnotation.java : 0.5323886639676113;
C:\Users\Chaima\Desktop\jfreechart\src\main\java\org\jfree\chart\annotations\XYPolygonAnnotation.java : 0.48286604361370716;
C:\Users\Chaima\Desktop\jfreechart\src\main\java\org\jfree\chart\annotations\XYShapeAnnotation.java : 0.46691176470588236;
C:\Users\Chaima\Desktop\jfreechart\src\main\java\org\jfree\chart\annotations\XYTextAnnotation.java : 0.5317324185248714;
C:\Users\Chaima\Desktop\jfreechart\src\main\java\org\jfree\chart\annotations\XYTitleAnnotation.java : 0.4233983286908078;
C:\Users\Chaima\Desktop\jfreechart\src\main\java\org\jfree\chart\api\HorizontalAlignment.java : 0.8958333333333334;
C:\Users\Chaima\Desktop\jfreechart\src\main\java\org\jfree\chart\api\Layer.java : 0.8918918918918919;
C:\Users\Chaima\Desktop\jfreechart\src\main\java\org\jfree\chart\api\LengthAdjustmentType.java : 0.8936170212765957;
C:\Users\Chaima\Desktop\jfreechart\src\main\java\org\jfree\chart\api\package-info.java : 0.75;
C:\Users\Chaima\Desktop\jfreechart\src\main\java\org\jfree\chart\api\PublicCloneable.java : 0.9245283018867925;
C:\Users\Chaima\Desktop\jfreechart\src\main\java\org\jfree\chart\api\RectangleAlignment.java : 0.3828125;
C:\Users\Chaima\Desktop\jfreechart\src\main\java\org\jfree\chart\api\RectangleAnchor.java : 0.3815789473684211;
C:\Users\Chaima\Desktop\jfreechart\src\main\java\org\jfree\chart\api\RectangleEdge.java : 0.616822429906542;
C:\Users\Chaima\Desktop\jfreechart\src\main\java\org\jfree\chart\api\RectangleInsets.java : 0.5196687370600414;
C:\Users\Chaima\Desktop\jfreechart\src\main\java\org\jfree\chart\api\Rotation.java : 0.835820895522388;
C:\Users\Chaima\Desktop\jfreechart\src\main\java\org\jfree\chart\api\SortOrder.java : 0.9090909090909091;
C:\Users\Chaima\Desktop\jfreechart\src\main\java\org\jfree\chart\api\TableOrder.java : 0.9090909090909091;
C:\Users\Chaima\Desktop\jfreechart\src\main\java\org\jfree\chart\api\UnitType.java : 0.9090909090909091;
C:\Users\Chaima\Desktop\jfreechart\src\main\java\org\jfree\chart\api\VerticalAlignment.java : 0.8958333333333334;
C:\Users\Chaima\Desktop\jfreechart\src\main\java\org\jfree\chart\api\XYCoordinateType.java : 0.9056603773584906;
C:\Users\Chaima\Desktop\jfreechart\src\main\java\org\jfree\chart\axis\Axis.java : 0.48828125;
C:\Users\Chaima\Desktop\jfreechart\src\main\java\org\jfree\chart\axis\AxisCollection.java : 0.6220472440944882;
C:\Users\Chaima\Desktop\jfreechart\src\main\java\org\jfree\chart\axis\AxisLabelLocation.java : 0.8936170212765957;
C:\Users\Chaima\Desktop\jfreechart\src\main\java\org\jfree\chart\axis\AxisLocation.java : 0.691358024691358;
C:\Users\Chaima\Desktop\jfreechart\src\main\java\org\jfree\chart\axis\AxisSpace.java : 0.4619883040935672;
C:\Users\Chaima\Desktop\jfreechart\src\main\java\org\jfree\chart\axis\AxisState.java : 0.6285714285714286;
C:\Users\Chaima\Desktop\jfreechart\src\main\java\org\jfree\chart\axis\CategoryAnchor.java : 0.8958333333333334;
C:\Users\Chaima\Desktop\jfreechart\src\main\java\org\jfree\chart\axis\CategoryAxis.java : 0.4513888888888889;
C:\Users\Chaima\Desktop\jfreechart\src\main\java\org\jfree\chart\axis\CategoryLabelPosition.java : 0.5851528384279476;
C:\Users\Chaima\Desktop\jfreechart\src\main\java\org\jfree\chart\axis\CategoryLabelPositions.java : 0.47540983606557374;
C:\Users\Chaima\Desktop\jfreechart\src\main\java\org\jfree\chart\axis\CategoryLabelWidthType.java : 0.9111111111111111;
C:\Users\Chaima\Desktop\jfreechart\src\main\java\org\jfree\chart\axis\CategoryTick.java : 0.6136363636363636;
C:\Users\Chaima\Desktop\jfreechart\src\main\java\org\jfree\chart\axis\CompassFormat.java : 0.6642857142857143;
C:\Users\Chaima\Desktop\jfreechart\src\main\java\org\jfree\chart\axis\CyclicNumberAxis.java : 0.35782442748091603;
C:\Users\Chaima\Desktop\jfreechart\src\main\java\org\jfree\chart\axis\DateAxis.java : 0.3772455089820359;
C:\Users\Chaima\Desktop\jfreechart\src\main\java\org\jfree\chart\axis\DateTick.java : 0.6583333333333333;
C:\Users\Chaima\Desktop\jfreechart\src\main\java\org\jfree\chart\axis\DateTickMarkPosition.java : 0.9056603773584906;
C:\Users\Chaima\Desktop\jfreechart\src\main\java\org\jfree\chart\axis\DateTickUnit.java : 0.5899053627760252;
C:\Users\Chaima\Desktop\jfreechart\src\main\java\org\jfree\chart\axis\DateTickUnitType.java : 0.7702702702702703;
C:\Users\Chaima\Desktop\jfreechart\src\main\java\org\jfree\chart\axis\ExtendedCategoryAxis.java : 0.5434782608695652;
C:\Users\Chaima\Desktop\jfreechart\src\main\java\org\jfree\chart\axis\LogarithmicAxis.java : 0.49842271293375395;
C:\Users\Chaima\Desktop\jfreechart\src\main\java\org\jfree\chart\axis\LogAxis.java : 0.44041450777202074;
C:\Users\Chaima\Desktop\jfreechart\src\main\java\org\jfree\chart\axis\LogTick.java : 0.8194444444444444;
C:\Users\Chaima\Desktop\jfreechart\src\main\java\org\jfree\chart\axis\MarkerAxisBand.java : 0.4669421487603306;
C:\Users\Chaima\Desktop\jfreechart\src\main\java\org\jfree\chart\axis\ModuloAxis.java : 0.5025125628140703;
C:\Users\Chaima\Desktop\jfreechart\src\main\java\org\jfree\chart\axis\MonthDateFormat.java : 0.5782608695652174;
C:\Users\Chaima\Desktop\jfreechart\src\main\java\org\jfree\chart\axis\NumberAxis.java : 0.4423828125;
C:\Users\Chaima\Desktop\jfreechart\src\main\java\org\jfree\chart\axis\NumberTick.java : 0.7857142857142857;
C:\Users\Chaima\Desktop\jfreechart\src\main\java\org\jfree\chart\axis\NumberTickUnit.java : 0.6187050359712231;
C:\Users\Chaima\Desktop\jfreechart\src\main\java\org\jfree\chart\axis\NumberTickUnitSource.java : 0.2757009345794392;
C:\Users\Chaima\Desktop\jfreechart\src\main\java\org\jfree\chart\axis\package-info.java : 0.75;
C:\Users\Chaima\Desktop\jfreechart\src\main\java\org\jfree\chart\axis\PeriodAxis.java : 0.3970856102003643;
C:\Users\Chaima\Desktop\jfreechart\src\main\java\org\jfree\chart\axis\PeriodAxisLabelInfo.java : 0.515625;
C:\Users\Chaima\Desktop\jfreechart\src\main\java\org\jfree\chart\axis\QuarterDateFormat.java : 0.5480225988700564;
C:\Users\Chaima\Desktop\jfreechart\src\main\java\org\jfree\chart\axis\StandardTickUnitSource.java : 0.680672268907563;
C:\Users\Chaima\Desktop\jfreechart\src\main\java\org\jfree\chart\axis\SubCategoryAxis.java : 0.4256926952141058;
C:\Users\Chaima\Desktop\jfreechart\src\main\java\org\jfree\chart\axis\SymbolAxis.java : 0.39060205580029367;
C:\Users\Chaima\Desktop\jfreechart\src\main\java\org\jfree\chart\axis\Tick.java : 0.5923566878980892;
C:\Users\Chaima\Desktop\jfreechart\src\main\java\org\jfree\chart\axis\TickType.java : 0.9111111111111111;
C:\Users\Chaima\Desktop\jfreechart\src\main\java\org\jfree\chart\axis\TickUnit.java : 0.6227544910179641;
C:\Users\Chaima\Desktop\jfreechart\src\main\java\org\jfree\chart\axis\TickUnits.java : 0.6358974358974359;
C:\Users\Chaima\Desktop\jfreechart\src\main\java\org\jfree\chart\axis\TickUnitSource.java : 0.9324324324324325;
C:\Users\Chaima\Desktop\jfreechart\src\main\java\org\jfree\chart\axis\Timeline.java : 0.924812030075188;
C:\Users\Chaima\Desktop\jfreechart\src\main\java\org\jfree\chart\axis\ValueAxis.java : 0.5029546946815495;
C:\Users\Chaima\Desktop\jfreechart\src\main\java\org\jfree\chart\axis\ValueTick.java : 0.6666666666666666;
C:\Users\Chaima\Desktop\jfreechart\src\main\java\org\jfree\chart\block\AbstractBlock.java : 0.5709401709401709;
C:\Users\Chaima\Desktop\jfreechart\src\main\java\org\jfree\chart\block\Arrangement.java : 0.9117647058823529;
C:\Users\Chaima\Desktop\jfreechart\src\main\java\org\jfree\chart\block\Block.java : 0.8811881188118812;
C:\Users\Chaima\Desktop\jfreechart\src\main\java\org\jfree\chart\block\BlockBorder.java : 0.5327102803738317;
C:\Users\Chaima\Desktop\jfreechart\src\main\java\org\jfree\chart\block\BlockContainer.java : 0.515748031496063;
C:\Users\Chaima\Desktop\jfreechart\src\main\java\org\jfree\chart\block\BlockFrame.java : 0.8666666666666667;
C:\Users\Chaima\Desktop\jfreechart\src\main\java\org\jfree\chart\block\BlockParams.java : 0.768;
C:\Users\Chaima\Desktop\jfreechart\src\main\java\org\jfree\chart\block\BlockResult.java : 0.8055555555555556;
C:\Users\Chaima\Desktop\jfreechart\src\main\java\org\jfree\chart\block\BorderArrangement.java : 0.26614481409001955;
C:\Users\Chaima\Desktop\jfreechart\src\main\java\org\jfree\chart\block\CenterArrangement.java : 0.54;
C:\Users\Chaima\Desktop\jfreechart\src\main\java\org\jfree\chart\block\ColorBlock.java : 0.6;
C:\Users\Chaima\Desktop\jfreechart\src\main\java\org\jfree\chart\block\ColumnArrangement.java : 0.42696629213483145;
C:\Users\Chaima\Desktop\jfreechart\src\main\java\org\jfree\chart\block\EmptyBlock.java : 0.7117117117117117;
C:\Users\Chaima\Desktop\jfreechart\src\main\java\org\jfree\chart\block\EntityBlockParams.java : 0.9444444444444444;
C:\Users\Chaima\Desktop\jfreechart\src\main\java\org\jfree\chart\block\EntityBlockResult.java : 0.9245283018867925;
C:\Users\Chaima\Desktop\jfreechart\src\main\java\org\jfree\chart\block\FlowArrangement.java : 0.43795620437956206;
C:\Users\Chaima\Desktop\jfreechart\src\main\java\org\jfree\chart\block\GridArrangement.java : 0.43137254901960786;
C:\Users\Chaima\Desktop\jfreechart\src\main\java\org\jfree\chart\block\LabelBlock.java : 0.5352480417754569;
C:\Users\Chaima\Desktop\jfreechart\src\main\java\org\jfree\chart\block\LengthConstraintType.java : 0.9038461538461539;
C:\Users\Chaima\Desktop\jfreechart\src\main\java\org\jfree\chart\block\LineBorder.java : 0.4532710280373832;
C:\Users\Chaima\Desktop\jfreechart\src\main\java\org\jfree\chart\block\package-info.java : 0.75;
C:\Users\Chaima\Desktop\jfreechart\src\main\java\org\jfree\chart\block\RectangleConstraint.java : 0.5375;
C:\Users\Chaima\Desktop\jfreechart\src\main\java\org\jfree\chart\block\Size2D.java : 0.6241610738255033;
C:\Users\Chaima\Desktop\jfreechart\src\main\java\org\jfree\chart\ChartColor.java : 0.5369127516778524;
C:\Users\Chaima\Desktop\jfreechart\src\main\java\org\jfree\chart\ChartElement.java : 0.9375;
C:\Users\Chaima\Desktop\jfreechart\src\main\java\org\jfree\chart\ChartElementVisitor.java : 0.9361702127659575;
C:\Users\Chaima\Desktop\jfreechart\src\main\java\org\jfree\chart\ChartFactory.java : 0.4716577540106952;
C:\Users\Chaima\Desktop\jfreechart\src\main\java\org\jfree\chart\ChartHints.java : 0.7419354838709677;
C:\Users\Chaima\Desktop\jfreechart\src\main\java\org\jfree\chart\ChartRenderingInfo.java : 0.5974025974025974;
C:\Users\Chaima\Desktop\jfreechart\src\main\java\org\jfree\chart\ChartTheme.java : 0.9411764705882353;
C:\Users\Chaima\Desktop\jfreechart\src\main\java\org\jfree\chart\ChartTransferable.java : 0.5670995670995671;
C:\Users\Chaima\Desktop\jfreechart\src\main\java\org\jfree\chart\ChartUtils.java : 0.6365079365079365;
C:\Users\Chaima\Desktop\jfreechart\src\main\java\org\jfree\chart\date\MonthConstants.java : 0.7846153846153846;
C:\Users\Chaima\Desktop\jfreechart\src\main\java\org\jfree\chart\date\package-info.java : 0.75;
C:\Users\Chaima\Desktop\jfreechart\src\main\java\org\jfree\chart\date\SerialDate.java : 0.5887850467289719;
C:\Users\Chaima\Desktop\jfreechart\src\main\java\org\jfree\chart\date\SpreadsheetDate.java : 0.5753086419753086;
C:\Users\Chaima\Desktop\jfreechart\src\main\java\org\jfree\chart\Drawable.java : 0.8837209302325582;
C:\Users\Chaima\Desktop\jfreechart\src\main\java\org\jfree\chart\encoders\EncoderUtil.java : 0.7078651685393258;
C:\Users\Chaima\Desktop\jfreechart\src\main\java\org\jfree\chart\encoders\ImageEncoder.java : 0.8736842105263158;
C:\Users\Chaima\Desktop\jfreechart\src\main\java\org\jfree\chart\encoders\ImageEncoderFactory.java : 0.6433566433566433;
C:\Users\Chaima\Desktop\jfreechart\src\main\java\org\jfree\chart\encoders\ImageFormat.java : 0.9038461538461539;
C:\Users\Chaima\Desktop\jfreechart\src\main\java\org\jfree\chart\encoders\package-info.java : 0.75;
C:\Users\Chaima\Desktop\jfreechart\src\main\java\org\jfree\chart\encoders\SunJPEGEncoderAdapter.java : 0.6282051282051282;
C:\Users\Chaima\Desktop\jfreechart\src\main\java\org\jfree\chart\encoders\SunPNGEncoderAdapter.java : 0.7008547008547008;
C:\Users\Chaima\Desktop\jfreechart\src\main\java\org\jfree\chart\entity\AxisEntity.java : 0.5916230366492147;
C:\Users\Chaima\Desktop\jfreechart\src\main\java\org\jfree\chart\entity\CategoryItemEntity.java : 0.6342857142857142;
C:\Users\Chaima\Desktop\jfreechart\src\main\java\org\jfree\chart\entity\CategoryLabelEntity.java : 0.6239316239316239;
C:\Users\Chaima\Desktop\jfreechart\src\main\java\org\jfree\chart\entity\ChartEntity.java : 0.5148247978436657;
C:\Users\Chaima\Desktop\jfreechart\src\main\java\org\jfree\chart\entity\EntityCollection.java : 0.8736842105263158;
C:\Users\Chaima\Desktop\jfreechart\src\main\java\org\jfree\chart\entity\FlowEntity.java : 0.6538461538461539;
C:\Users\Chaima\Desktop\jfreechart\src\main\java\org\jfree\chart\entity\JFreeChartEntity.java : 0.5894736842105263;
C:\Users\Chaima\Desktop\jfreechart\src\main\java\org\jfree\chart\entity\LegendItemEntity.java : 0.6428571428571429;
C:\Users\Chaima\Desktop\jfreechart\src\main\java\org\jfree\chart\entity\NodeEntity.java : 0.75;
C:\Users\Chaima\Desktop\jfreechart\src\main\java\org\jfree\chart\entity\package-info.java : 0.75;
C:\Users\Chaima\Desktop\jfreechart\src\main\java\org\jfree\chart\entity\PieSectionEntity.java : 0.6208530805687204;
C:\Users\Chaima\Desktop\jfreechart\src\main\java\org\jfree\chart\entity\PlotEntity.java : 0.5894736842105263;
C:\Users\Chaima\Desktop\jfreechart\src\main\java\org\jfree\chart\entity\StandardEntityCollection.java : 0.5578947368421052;
C:\Users\Chaima\Desktop\jfreechart\src\main\java\org\jfree\chart\entity\TickLabelEntity.java : 0.8421052631578947;
C:\Users\Chaima\Desktop\jfreechart\src\main\java\org\jfree\chart\entity\TitleEntity.java : 0.5894736842105263;
C:\Users\Chaima\Desktop\jfreechart\src\main\java\org\jfree\chart\entity\XYAnnotationEntity.java : 0.6633663366336634;
C:\Users\Chaima\Desktop\jfreechart\src\main\java\org\jfree\chart\entity\XYItemEntity.java : 0.6405228758169934;
C:\Users\Chaima\Desktop\jfreechart\src\main\java\org\jfree\chart\event\AnnotationChangeEvent.java : 0.803030303030303;
C:\Users\Chaima\Desktop\jfreechart\src\main\java\org\jfree\chart\event\AnnotationChangeListener.java : 0.9;
C:\Users\Chaima\Desktop\jfreechart\src\main\java\org\jfree\chart\event\AxisChangeEvent.java : 0.8387096774193549;
C:\Users\Chaima\Desktop\jfreechart\src\main\java\org\jfree\chart\event\AxisChangeListener.java : 0.9272727272727272;
C:\Users\Chaima\Desktop\jfreechart\src\main\java\org\jfree\chart\event\ChartChangeEvent.java : 0.7043478260869566;
C:\Users\Chaima\Desktop\jfreechart\src\main\java\org\jfree\chart\event\ChartChangeEventType.java : 0.8936170212765957;
C:\Users\Chaima\Desktop\jfreechart\src\main\java\org\jfree\chart\event\ChartChangeListener.java : 0.9230769230769231;
C:\Users\Chaima\Desktop\jfreechart\src\main\java\org\jfree\chart\event\ChartProgressEvent.java : 0.7043478260869566;
C:\Users\Chaima\Desktop\jfreechart\src\main\java\org\jfree\chart\event\ChartProgressEventType.java : 0.9111111111111111;
C:\Users\Chaima\Desktop\jfreechart\src\main\java\org\jfree\chart\event\ChartProgressListener.java : 0.9183673469387755;
C:\Users\Chaima\Desktop\jfreechart\src\main\java\org\jfree\chart\event\MarkerChangeEvent.java : 0.8412698412698413;
C:\Users\Chaima\Desktop\jfreechart\src\main\java\org\jfree\chart\event\MarkerChangeListener.java : 0.9;
C:\Users\Chaima\Desktop\jfreechart\src\main\java\org\jfree\chart\event\package-info.java : 0.8333333333333334;
C:\Users\Chaima\Desktop\jfreechart\src\main\java\org\jfree\chart\event\PlotChangeEvent.java : 0.828125;
C:\Users\Chaima\Desktop\jfreechart\src\main\java\org\jfree\chart\event\PlotChangeListener.java : 0.92;
C:\Users\Chaima\Desktop\jfreechart\src\main\java\org\jfree\chart\event\RendererChangeEvent.java : 0.7931034482758621;
C:\Users\Chaima\Desktop\jfreechart\src\main\java\org\jfree\chart\event\RendererChangeListener.java : 0.9183673469387755;
C:\Users\Chaima\Desktop\jfreechart\src\main\java\org\jfree\chart\event\TitleChangeEvent.java : 0.819672131147541;
C:\Users\Chaima\Desktop\jfreechart\src\main\java\org\jfree\chart\event\TitleChangeListener.java : 0.92;
C:\Users\Chaima\Desktop\jfreechart\src\main\java\org\jfree\chart\imagemap\DynamicDriveToolTipTagFragmentGenerator.java : 0.8023255813953488;
C:\Users\Chaima\Desktop\jfreechart\src\main\java\org\jfree\chart\imagemap\ImageMapUtils.java : 0.49372384937238495;
C:\Users\Chaima\Desktop\jfreechart\src\main\java\org\jfree\chart\imagemap\OverLIBToolTipTagFragmentGenerator.java : 0.8405797101449275;
C:\Users\Chaima\Desktop\jfreechart\src\main\java\org\jfree\chart\imagemap\package-info.java : 0.75;
C:\Users\Chaima\Desktop\jfreechart\src\main\java\org\jfree\chart\imagemap\StandardToolTipTagFragmentGenerator.java : 0.8307692307692308;
C:\Users\Chaima\Desktop\jfreechart\src\main\java\org\jfree\chart\imagemap\StandardURLTagFragmentGenerator.java : 0.8484848484848485;
C:\Users\Chaima\Desktop\jfreechart\src\main\java\org\jfree\chart\imagemap\ToolTipTagFragmentGenerator.java : 0.9508196721311475;
C:\Users\Chaima\Desktop\jfreechart\src\main\java\org\jfree\chart\imagemap\URLTagFragmentGenerator.java : 0.8870967741935484;
C:\Users\Chaima\Desktop\jfreechart\src\main\java\org\jfree\chart\internal\Args.java : 0.7105263157894737;
C:\Users\Chaima\Desktop\jfreechart\src\main\java\org\jfree\chart\internal\ArrayUtils.java : 0.44148936170212766;
C:\Users\Chaima\Desktop\jfreechart\src\main\java\org\jfree\chart\internal\CloneUtils.java : 0.4942528735632184;
C:\Users\Chaima\Desktop\jfreechart\src\main\java\org\jfree\chart\internal\HashUtils.java : 0.734375;
C:\Users\Chaima\Desktop\jfreechart\src\main\java\org\jfree\chart\internal\LineUtils.java : 0.5364238410596026;
C:\Users\Chaima\Desktop\jfreechart\src\main\java\org\jfree\chart\internal\package-info.java : 0.75;
C:\Users\Chaima\Desktop\jfreechart\src\main\java\org\jfree\chart\internal\PaintUtils.java : 0.4228855721393035;
C:\Users\Chaima\Desktop\jfreechart\src\main\java\org\jfree\chart\internal\SerialUtils.java : 0.3501577287066246;
C:\Users\Chaima\Desktop\jfreechart\src\main\java\org\jfree\chart\internal\ShapeUtils.java : 0.48261758691206547;
C:\Users\Chaima\Desktop\jfreechart\src\main\java\org\jfree\chart\JFreeChart.java : 0.49268617021276595;
C:\Users\Chaima\Desktop\jfreechart\src\main\java\org\jfree\chart\labels\AbstractCategoryItemLabelGenerator.java : 0.5314685314685315;
C:\Users\Chaima\Desktop\jfreechart\src\main\java\org\jfree\chart\labels\AbstractPieItemLabelGenerator.java : 0.5211267605633803;
C:\Users\Chaima\Desktop\jfreechart\src\main\java\org\jfree\chart\labels\AbstractXYItemLabelGenerator.java : 0.5111111111111111;
C:\Users\Chaima\Desktop\jfreechart\src\main\java\org\jfree\chart\labels\BoxAndWhiskerToolTipGenerator.java : 0.6165413533834586;
C:\Users\Chaima\Desktop\jfreechart\src\main\java\org\jfree\chart\labels\BoxAndWhiskerXYToolTipGenerator.java : 0.6056338028169014;
C:\Users\Chaima\Desktop\jfreechart\src\main\java\org\jfree\chart\labels\BubbleXYItemLabelGenerator.java : 0.5289256198347108;
C:\Users\Chaima\Desktop\jfreechart\src\main\java\org\jfree\chart\labels\CategoryItemLabelGenerator.java : 0.922077922077922;
C:\Users\Chaima\Desktop\jfreechart\src\main\java\org\jfree\chart\labels\CategorySeriesLabelGenerator.java : 0.9285714285714286;
C:\Users\Chaima\Desktop\jfreechart\src\main\java\org\jfree\chart\labels\CategoryToolTipGenerator.java : 0.9344262295081968;
C:\Users\Chaima\Desktop\jfreechart\src\main\java\org\jfree\chart\labels\CrosshairLabelGenerator.java : 0.92;
C:\Users\Chaima\Desktop\jfreechart\src\main\java\org\jfree\chart\labels\CustomXYToolTipGenerator.java : 0.5502958579881657;
C:\Users\Chaima\Desktop\jfreechart\src\main\java\org\jfree\chart\labels\FlowLabelGenerator.java : 0.9074074074074074;
C:\Users\Chaima\Desktop\jfreechart\src\main\java\org\jfree\chart\labels\HighLowItemLabelGenerator.java : 0.47474747474747475;
C:\Users\Chaima\Desktop\jfreechart\src\main\java\org\jfree\chart\labels\IntervalCategoryItemLabelGenerator.java : 0.5655737704918032;
C:\Users\Chaima\Desktop\jfreechart\src\main\java\org\jfree\chart\labels\IntervalCategoryToolTipGenerator.java : 0.5531914893617021;
C:\Users\Chaima\Desktop\jfreechart\src\main\java\org\jfree\chart\labels\IntervalXYItemLabelGenerator.java : 0.48582995951417;
C:\Users\Chaima\Desktop\jfreechart\src\main\java\org\jfree\chart\labels\IntervalXYToolTipGenerator.java : 0.49382716049382713;
C:\Users\Chaima\Desktop\jfreechart\src\main\java\org\jfree\chart\labels\ItemLabelAnchor.java : 0.7065217391304348;
C:\Users\Chaima\Desktop\jfreechart\src\main\java\org\jfree\chart\labels\ItemLabelPosition.java : 0.5823529411764706;
C:\Users\Chaima\Desktop\jfreechart\src\main\java\org\jfree\chart\labels\MultipleXYSeriesLabelGenerator.java : 0.47641509433962265;
C:\Users\Chaima\Desktop\jfreechart\src\main\java\org\jfree\chart\labels\package-info.java : 0.75;
C:\Users\Chaima\Desktop\jfreechart\src\main\java\org\jfree\chart\labels\PieSectionLabelGenerator.java : 0.8823529411764706;
C:\Users\Chaima\Desktop\jfreechart\src\main\java\org\jfree\chart\labels\PieToolTipGenerator.java : 0.9259259259259259;
C:\Users\Chaima\Desktop\jfreechart\src\main\java\org\jfree\chart\labels\StandardCategoryItemLabelGenerator.java : 0.6541353383458647;
C:\Users\Chaima\Desktop\jfreechart\src\main\java\org\jfree\chart\labels\StandardCategorySeriesLabelGenerator.java : 0.6111111111111112;
C:\Users\Chaima\Desktop\jfreechart\src\main\java\org\jfree\chart\labels\StandardCategoryToolTipGenerator.java : 0.6470588235294118;
C:\Users\Chaima\Desktop\jfreechart\src\main\java\org\jfree\chart\labels\StandardCrosshairLabelGenerator.java : 0.5912408759124088;
C:\Users\Chaima\Desktop\jfreechart\src\main\java\org\jfree\chart\labels\StandardFlowLabelGenerator.java : 0.6086956521739131;
C:\Users\Chaima\Desktop\jfreechart\src\main\java\org\jfree\chart\labels\StandardPieSectionLabelGenerator.java : 0.6391304347826087;
C:\Users\Chaima\Desktop\jfreechart\src\main\java\org\jfree\chart\labels\StandardPieToolTipGenerator.java : 0.7209302325581395;
C:\Users\Chaima\Desktop\jfreechart\src\main\java\org\jfree\chart\labels\StandardXYItemLabelGenerator.java : 0.6705202312138728;
C:\Users\Chaima\Desktop\jfreechart\src\main\java\org\jfree\chart\labels\StandardXYSeriesLabelGenerator.java : 0.6225165562913907;
C:\Users\Chaima\Desktop\jfreechart\src\main\java\org\jfree\chart\labels\StandardXYToolTipGenerator.java : 0.6666666666666666;
C:\Users\Chaima\Desktop\jfreechart\src\main\java\org\jfree\chart\labels\StandardXYZToolTipGenerator.java : 0.5411255411255411;
C:\Users\Chaima\Desktop\jfreechart\src\main\java\org\jfree\chart\labels\SymbolicXYItemLabelGenerator.java : 0.5705128205128205;
C:\Users\Chaima\Desktop\jfreechart\src\main\java\org\jfree\chart\labels\XYItemLabelGenerator.java : 0.9259259259259259;
C:\Users\Chaima\Desktop\jfreechart\src\main\java\org\jfree\chart\labels\XYSeriesLabelGenerator.java : 0.9298245614035088;
C:\Users\Chaima\Desktop\jfreechart\src\main\java\org\jfree\chart\labels\XYToolTipGenerator.java : 0.9245283018867925;
C:\Users\Chaima\Desktop\jfreechart\src\main\java\org\jfree\chart\labels\XYZToolTipGenerator.java : 0.9245283018867925;
C:\Users\Chaima\Desktop\jfreechart\src\main\java\org\jfree\chart\legend\LegendGraphic.java : 0.5329428989751098;
C:\Users\Chaima\Desktop\jfreechart\src\main\java\org\jfree\chart\legend\LegendItem.java : 0.5686673448626653;
C:\Users\Chaima\Desktop\jfreechart\src\main\java\org\jfree\chart\legend\LegendItemBlockContainer.java : 0.6;
C:\Users\Chaima\Desktop\jfreechart\src\main\java\org\jfree\chart\legend\LegendItemCollection.java : 0.6197183098591549;
C:\Users\Chaima\Desktop\jfreechart\src\main\java\org\jfree\chart\legend\LegendItemSource.java : 0.92;
C:\Users\Chaima\Desktop\jfreechart\src\main\java\org\jfree\chart\legend\LegendRenderingOrder.java : 0.9111111111111111;
C:\Users\Chaima\Desktop\jfreechart\src\main\java\org\jfree\chart\legend\LegendTitle.java : 0.4392220421393841;
C:\Users\Chaima\Desktop\jfreechart\src\main\java\org\jfree\chart\legend\package-info.java : 0.75;
C:\Users\Chaima\Desktop\jfreechart\src\main\java\org\jfree\chart\legend\PaintScaleLegend.java : 0.4169184290030212;
C:\Users\Chaima\Desktop\jfreechart\src\main\java\org\jfree\chart\package-info.java : 0.75;
C:\Users\Chaima\Desktop\jfreechart\src\main\java\org\jfree\chart\plot\CategoryCrosshairState.java : 0.6114649681528662;
C:\Users\Chaima\Desktop\jfreechart\src\main\java\org\jfree\chart\plot\CategoryMarker.java : 0.6206896551724138;
C:\Users\Chaima\Desktop\jfreechart\src\main\java\org\jfree\chart\plot\CategoryPlot.java : 0.47822241874861815;
C:\Users\Chaima\Desktop\jfreechart\src\main\java\org\jfree\chart\plot\CenterTextMode.java : 0.8936170212765957;
C:\Users\Chaima\Desktop\jfreechart\src\main\java\org\jfree\chart\plot\CombinedDomainCategoryPlot.java : 0.42414355628058725;
C:\Users\Chaima\Desktop\jfreechart\src\main\java\org\jfree\chart\plot\CombinedDomainXYPlot.java : 0.44138929088277856;
C:\Users\Chaima\Desktop\jfreechart\src\main\java\org\jfree\chart\plot\CombinedRangeCategoryPlot.java : 0.4155339805825243;
C:\Users\Chaima\Desktop\jfreechart\src\main\java\org\jfree\chart\plot\CombinedRangeXYPlot.java : 0.43653250773993807;
C:\Users\Chaima\Desktop\jfreechart\src\main\java\org\jfree\chart\plot\compass\ArrowNeedle.java : 0.5192307692307693;
C:\Users\Chaima\Desktop\jfreechart\src\main\java\org\jfree\chart\plot\compass\CompassPlot.java : 0.4536082474226804;
C:\Users\Chaima\Desktop\jfreechart\src\main\java\org\jfree\chart\plot\compass\LineNeedle.java : 0.6363636363636364;
C:\Users\Chaima\Desktop\jfreechart\src\main\java\org\jfree\chart\plot\compass\LongNeedle.java : 0.4968944099378882;
C:\Users\Chaima\Desktop\jfreechart\src\main\java\org\jfree\chart\plot\compass\MeterNeedle.java : 0.5345744680851063;
C:\Users\Chaima\Desktop\jfreechart\src\main\java\org\jfree\chart\plot\compass\MiddlePinNeedle.java : 0.553030303030303;
C:\Users\Chaima\Desktop\jfreechart\src\main\java\org\jfree\chart\plot\compass\package-info.java : 0.75;
C:\Users\Chaima\Desktop\jfreechart\src\main\java\org\jfree\chart\plot\compass\PinNeedle.java : 0.5615384615384615;
C:\Users\Chaima\Desktop\jfreechart\src\main\java\org\jfree\chart\plot\compass\PlumNeedle.java : 0.6;
C:\Users\Chaima\Desktop\jfreechart\src\main\java\org\jfree\chart\plot\compass\PointerNeedle.java : 0.5071428571428571;
C:\Users\Chaima\Desktop\jfreechart\src\main\java\org\jfree\chart\plot\compass\ShipNeedle.java : 0.5966386554621849;
C:\Users\Chaima\Desktop\jfreechart\src\main\java\org\jfree\chart\plot\compass\WindNeedle.java : 0.6146788990825688;
C:\Users\Chaima\Desktop\jfreechart\src\main\java\org\jfree\chart\plot\Crosshair.java : 0.5608308605341247;
C:\Users\Chaima\Desktop\jfreechart\src\main\java\org\jfree\chart\plot\CrosshairState.java : 0.6790123456790124;
C:\Users\Chaima\Desktop\jfreechart\src\main\java\org\jfree\chart\plot\DatasetRenderingOrder.java : 0.9333333333333333;
C:\Users\Chaima\Desktop\jfreechart\src\main\java\org\jfree\chart\plot\DefaultDrawingSupplier.java : 0.4060475161987041;
C:\Users\Chaima\Desktop\jfreechart\src\main\java\org\jfree\chart\plot\dial\AbstractDialLayer.java : 0.6217616580310881;
C:\Users\Chaima\Desktop\jfreechart\src\main\java\org\jfree\chart\plot\dial\ArcDialFrame.java : 0.5331905781584583;
C:\Users\Chaima\Desktop\jfreechart\src\main\java\org\jfree\chart\plot\dial\DialBackground.java : 0.5991735537190083;
C:\Users\Chaima\Desktop\jfreechart\src\main\java\org\jfree\chart\plot\dial\DialCap.java : 0.5836065573770491;
C:\Users\Chaima\Desktop\jfreechart\src\main\java\org\jfree\chart\plot\dial\DialFrame.java : 0.8983050847457628;
C:\Users\Chaima\Desktop\jfreechart\src\main\java\org\jfree\chart\plot\dial\DialLayer.java : 0.8725490196078431;
C:\Users\Chaima\Desktop\jfreechart\src\main\java\org\jfree\chart\plot\dial\DialLayerChangeEvent.java : 0.8225806451612904;
C:\Users\Chaima\Desktop\jfreechart\src\main\java\org\jfree\chart\plot\dial\DialLayerChangeListener.java : 0.9215686274509803;
C:\Users\Chaima\Desktop\jfreechart\src\main\java\org\jfree\chart\plot\dial\DialPlot.java : 0.5199468085106383;
C:\Users\Chaima\Desktop\jfreechart\src\main\java\org\jfree\chart\plot\dial\DialPointer.java : 0.505338078291815;
C:\Users\Chaima\Desktop\jfreechart\src\main\java\org\jfree\chart\plot\dial\DialScale.java : 0.9365079365079365;
C:\Users\Chaima\Desktop\jfreechart\src\main\java\org\jfree\chart\plot\dial\DialTextAnnotation.java : 0.5789473684210527;
C:\Users\Chaima\Desktop\jfreechart\src\main\java\org\jfree\chart\plot\dial\DialValueIndicator.java : 0.5333333333333333;
C:\Users\Chaima\Desktop\jfreechart\src\main\java\org\jfree\chart\plot\dial\package-info.java : 0.75;
C:\Users\Chaima\Desktop\jfreechart\src\main\java\org\jfree\chart\plot\dial\StandardDialFrame.java : 0.5527950310559007;
C:\Users\Chaima\Desktop\jfreechart\src\main\java\org\jfree\chart\plot\dial\StandardDialRange.java : 0.5524296675191815;
C:\Users\Chaima\Desktop\jfreechart\src\main\java\org\jfree\chart\plot\dial\StandardDialScale.java : 0.5555555555555556;
C:\Users\Chaima\Desktop\jfreechart\src\main\java\org\jfree\chart\plot\DialShape.java : 0.8958333333333334;
C:\Users\Chaima\Desktop\jfreechart\src\main\java\org\jfree\chart\plot\DrawingSupplier.java : 0.875;
C:\Users\Chaima\Desktop\jfreechart\src\main\java\org\jfree\chart\plot\FastScatterPlot.java : 0.48459958932238195;
C:\Users\Chaima\Desktop\jfreechart\src\main\java\org\jfree\chart\plot\flow\FlowPlot.java : 0.4278145695364238;
C:\Users\Chaima\Desktop\jfreechart\src\main\java\org\jfree\chart\plot\flow\package-info.java : 0.75;
C:\Users\Chaima\Desktop\jfreechart\src\main\java\org\jfree\chart\plot\IntervalMarker.java : 0.5888324873096447;
C:\Users\Chaima\Desktop\jfreechart\src\main\java\org\jfree\chart\plot\Marker.java : 0.5621890547263682;
C:\Users\Chaima\Desktop\jfreechart\src\main\java\org\jfree\chart\plot\MeterInterval.java : 0.5555555555555556;
C:\Users\Chaima\Desktop\jfreechart\src\main\java\org\jfree\chart\plot\MeterPlot.java : 0.45743766122098023;
C:\Users\Chaima\Desktop\jfreechart\src\main\java\org\jfree\chart\plot\package-info.java : 0.75;
C:\Users\Chaima\Desktop\jfreechart\src\main\java\org\jfree\chart\plot\Pannable.java : 0.875;
C:\Users\Chaima\Desktop\jfreechart\src\main\java\org\jfree\chart\plot\pie\AbstractPieLabelDistributor.java : 0.7604166666666666;
C:\Users\Chaima\Desktop\jfreechart\src\main\java\org\jfree\chart\plot\pie\MultiplePiePlot.java : 0.3902439024390244;
C:\Users\Chaima\Desktop\jfreechart\src\main\java\org\jfree\chart\plot\pie\package-info.java : 0.75;
C:\Users\Chaima\Desktop\jfreechart\src\main\java\org\jfree\chart\plot\pie\PieLabelDistributor.java : 0.47474747474747475;
C:\Users\Chaima\Desktop\jfreechart\src\main\java\org\jfree\chart\plot\pie\PieLabelLinkStyle.java : 0.8958333333333334;
C:\Users\Chaima\Desktop\jfreechart\src\main\java\org\jfree\chart\plot\pie\PieLabelRecord.java : 0.5533596837944664;
C:\Users\Chaima\Desktop\jfreechart\src\main\java\org\jfree\chart\plot\pie\PiePlot.java : 0.5049640534063676;
C:\Users\Chaima\Desktop\jfreechart\src\main\java\org\jfree\chart\plot\pie\PiePlotState.java : 0.6652719665271967;
C:\Users\Chaima\Desktop\jfreechart\src\main\java\org\jfree\chart\plot\Plot.java : 0.5087187263078089;
C:\Users\Chaima\Desktop\jfreechart\src\main\java\org\jfree\chart\plot\PlotOrientation.java : 0.8461538461538461;
C:\Users\Chaima\Desktop\jfreechart\src\main\java\org\jfree\chart\plot\PlotRenderingInfo.java : 0.571969696969697;
C:\Users\Chaima\Desktop\jfreechart\src\main\java\org\jfree\chart\plot\PlotState.java : 0.7868852459016393;
C:\Users\Chaima\Desktop\jfreechart\src\main\java\org\jfree\chart\plot\PolarAxisLocation.java : 0.8387096774193549;
C:\Users\Chaima\Desktop\jfreechart\src\main\java\org\jfree\chart\plot\PolarPlot.java : 0.46713742531233027;
C:\Users\Chaima\Desktop\jfreechart\src\main\java\org\jfree\chart\plot\RingPlot.java : 0.4873015873015873;
C:\Users\Chaima\Desktop\jfreechart\src\main\java\org\jfree\chart\plot\SeriesRenderingOrder.java : 0.9310344827586207;
C:\Users\Chaima\Desktop\jfreechart\src\main\java\org\jfree\chart\plot\SpiderWebPlot.java : 0.4879000780640125;
C:\Users\Chaima\Desktop\jfreechart\src\main\java\org\jfree\chart\plot\ThermometerPlot.java : 0.4792243767313019;
C:\Users\Chaima\Desktop\jfreechart\src\main\java\org\jfree\chart\plot\ValueAxisPlot.java : 0.9056603773584906;
C:\Users\Chaima\Desktop\jfreechart\src\main\java\org\jfree\chart\plot\ValueMarker.java : 0.6888888888888889;
C:\Users\Chaima\Desktop\jfreechart\src\main\java\org\jfree\chart\plot\WaferMapPlot.java : 0.4267352185089974;
C:\Users\Chaima\Desktop\jfreechart\src\main\java\org\jfree\chart\plot\XYCrosshairState.java : 0.9038461538461539;
C:\Users\Chaima\Desktop\jfreechart\src\main\java\org\jfree\chart\plot\XYPlot.java : 0.4643645854246135;
C:\Users\Chaima\Desktop\jfreechart\src\main\java\org\jfree\chart\plot\Zoomable.java : 0.8874172185430463;
C:\Users\Chaima\Desktop\jfreechart\src\main\java\org\jfree\chart\renderer\AbstractRenderer.java : 0.5681326604181687;
C:\Users\Chaima\Desktop\jfreechart\src\main\java\org\jfree\chart\renderer\AreaRendererEndType.java : 0.9137931034482759;
C:\Users\Chaima\Desktop\jfreechart\src\main\java\org\jfree\chart\renderer\category\AbstractCategoryItemRenderer.java : 0.40207522697795073;
C:\Users\Chaima\Desktop\jfreechart\src\main\java\org\jfree\chart\renderer\category\AreaRenderer.java : 0.3612040133779264;
C:\Users\Chaima\Desktop\jfreechart\src\main\java\org\jfree\chart\renderer\category\BarPainter.java : 0.8809523809523809;
C:\Users\Chaima\Desktop\jfreechart\src\main\java\org\jfree\chart\renderer\category\BarRenderer.java : 0.44166666666666665;
C:\Users\Chaima\Desktop\jfreechart\src\main\java\org\jfree\chart\renderer\category\BoxAndWhiskerRenderer.java : 0.4357707509881423;
C:\Users\Chaima\Desktop\jfreechart\src\main\java\org\jfree\chart\renderer\category\CategoryItemRenderer.java : 0.8825573314801946;
C:\Users\Chaima\Desktop\jfreechart\src\main\java\org\jfree\chart\renderer\category\CategoryItemRendererState.java : 0.6612903225806451;
C:\Users\Chaima\Desktop\jfreechart\src\main\java\org\jfree\chart\renderer\category\CategoryStepRenderer.java : 0.4876543209876543;
C:\Users\Chaima\Desktop\jfreechart\src\main\java\org\jfree\chart\renderer\category\DefaultCategoryItemRenderer.java : 0.8846153846153846;
C:\Users\Chaima\Desktop\jfreechart\src\main\java\org\jfree\chart\renderer\category\GanttRenderer.java : 0.4018018018018018;
C:\Users\Chaima\Desktop\jfreechart\src\main\java\org\jfree\chart\renderer\category\GradientBarPainter.java : 0.3911764705882353;
C:\Users\Chaima\Desktop\jfreechart\src\main\java\org\jfree\chart\renderer\category\GroupedStackedBarRenderer.java : 0.3644578313253012;
C:\Users\Chaima\Desktop\jfreechart\src\main\java\org\jfree\chart\renderer\category\IntervalBarRenderer.java : 0.4727272727272727;
C:\Users\Chaima\Desktop\jfreechart\src\main\java\org\jfree\chart\renderer\category\LayeredBarRenderer.java : 0.37850467289719625;
C:\Users\Chaima\Desktop\jfreechart\src\main\java\org\jfree\chart\renderer\category\LevelRenderer.java : 0.4739454094292804;
C:\Users\Chaima\Desktop\jfreechart\src\main\java\org\jfree\chart\renderer\category\LineAndShapeRenderer.java : 0.5129198966408268;
C:\Users\Chaima\Desktop\jfreechart\src\main\java\org\jfree\chart\renderer\category\MinMaxCategoryRenderer.java : 0.460446247464503;
C:\Users\Chaima\Desktop\jfreechart\src\main\java\org\jfree\chart\renderer\category\package-info.java : 0.75;
C:\Users\Chaima\Desktop\jfreechart\src\main\java\org\jfree\chart\renderer\category\ScatterRenderer.java : 0.49812734082397003;
C:\Users\Chaima\Desktop\jfreechart\src\main\java\org\jfree\chart\renderer\category\StackedAreaRenderer.java : 0.3584474885844749;
C:\Users\Chaima\Desktop\jfreechart\src\main\java\org\jfree\chart\renderer\category\StackedBarRenderer.java : 0.3872832369942196;
C:\Users\Chaima\Desktop\jfreechart\src\main\java\org\jfree\chart\renderer\category\StandardBarPainter.java : 0.4801980198019802;
C:\Users\Chaima\Desktop\jfreechart\src\main\java\org\jfree\chart\renderer\category\StatisticalBarRenderer.java : 0.3687258687258687;
C:\Users\Chaima\Desktop\jfreechart\src\main\java\org\jfree\chart\renderer\category\StatisticalLineAndShapeRenderer.java : 0.3755868544600939;
C:\Users\Chaima\Desktop\jfreechart\src\main\java\org\jfree\chart\renderer\category\WaterfallBarRenderer.java : 0.3962703962703963;
C:\Users\Chaima\Desktop\jfreechart\src\main\java\org\jfree\chart\renderer\DefaultPolarItemRenderer.java : 0.425;
C:\Users\Chaima\Desktop\jfreechart\src\main\java\org\jfree\chart\renderer\GrayPaintScale.java : 0.6108374384236454;
C:\Users\Chaima\Desktop\jfreechart\src\main\java\org\jfree\chart\renderer\LookupPaintScale.java : 0.48255813953488375;
C:\Users\Chaima\Desktop\jfreechart\src\main\java\org\jfree\chart\renderer\NotOutlierException.java : 0.9122807017543859;
C:\Users\Chaima\Desktop\jfreechart\src\main\java\org\jfree\chart\renderer\Outlier.java : 0.6683673469387755;
C:\Users\Chaima\Desktop\jfreechart\src\main\java\org\jfree\chart\renderer\OutlierList.java : 0.6923076923076923;
C:\Users\Chaima\Desktop\jfreechart\src\main\java\org\jfree\chart\renderer\OutlierListCollection.java : 0.6942675159235668;
C:\Users\Chaima\Desktop\jfreechart\src\main\java\org\jfree\chart\renderer\package-info.java : 0.75;
C:\Users\Chaima\Desktop\jfreechart\src\main\java\org\jfree\chart\renderer\PaintScale.java : 0.9041095890410958;
C:\Users\Chaima\Desktop\jfreechart\src\main\java\org\jfree\chart\renderer\PolarItemRenderer.java : 0.8131868131868132;
C:\Users\Chaima\Desktop\jfreechart\src\main\java\org\jfree\chart\renderer\RendererState.java : 0.7087378640776699;
C:\Users\Chaima\Desktop\jfreechart\src\main\java\org\jfree\chart\renderer\RendererUtils.java : 0.38461538461538464;
C:\Users\Chaima\Desktop\jfreechart\src\main\java\org\jfree\chart\renderer\WaferMapRenderer.java : 0.42441860465116277;
C:\Users\Chaima\Desktop\jfreechart\src\main\java\org\jfree\chart\renderer\xy\AbstractXYItemRenderer.java : 0.36876640419947504;
C:\Users\Chaima\Desktop\jfreechart\src\main\java\org\jfree\chart\renderer\xy\CandlestickRenderer.java : 0.4828850855745721;
C:\Users\Chaima\Desktop\jfreechart\src\main\java\org\jfree\chart\renderer\xy\ClusteredXYBarRenderer.java : 0.4115853658536585;
C:\Users\Chaima\Desktop\jfreechart\src\main\java\org\jfree\chart\renderer\xy\CyclicXYItemRenderer.java : 0.43935926773455375;
C:\Users\Chaima\Desktop\jfreechart\src\main\java\org\jfree\chart\renderer\xy\DefaultXYItemRenderer.java : 0.9038461538461539;
C:\Users\Chaima\Desktop\jfreechart\src\main\java\org\jfree\chart\renderer\xy\DeviationRenderer.java : 0.5116959064327485;
C:\Users\Chaima\Desktop\jfreechart\src\main\java\org\jfree\chart\renderer\xy\DeviationStepRenderer.java : 0.39361702127659576;
C:\Users\Chaima\Desktop\jfreechart\src\main\java\org\jfree\chart\renderer\xy\GradientXYBarPainter.java : 0.3893805309734513;
C:\Users\Chaima\Desktop\jfreechart\src\main\java\org\jfree\chart\renderer\xy\HighLowRenderer.java : 0.46205357142857145;
C:\Users\Chaima\Desktop\jfreechart\src\main\java\org\jfree\chart\renderer\xy\package-info.java : 0.75;
C:\Users\Chaima\Desktop\jfreechart\src\main\java\org\jfree\chart\renderer\xy\package.html : 0.16666666666666666;
C:\Users\Chaima\Desktop\jfreechart\src\main\java\org\jfree\chart\renderer\xy\SamplingXYLineRenderer.java : 0.4924924924924925;
C:\Users\Chaima\Desktop\jfreechart\src\main\java\org\jfree\chart\renderer\xy\StackedXYAreaRenderer.java : 0.451559934318555;
C:\Users\Chaima\Desktop\jfreechart\src\main\java\org\jfree\chart\renderer\xy\StackedXYAreaRenderer2.java : 0.34685598377281945;
C:\Users\Chaima\Desktop\jfreechart\src\main\java\org\jfree\chart\renderer\xy\StackedXYBarRenderer.java : 0.4090909090909091;
C:\Users\Chaima\Desktop\jfreechart\src\main\java\org\jfree\chart\renderer\xy\StandardXYBarPainter.java : 0.4801980198019802;
C:\Users\Chaima\Desktop\jfreechart\src\main\java\org\jfree\chart\renderer\xy\StandardXYItemRenderer.java : 0.48558758314855877;
C:\Users\Chaima\Desktop\jfreechart\src\main\java\org\jfree\chart\renderer\xy\VectorRenderer.java : 0.3662420382165605;
C:\Users\Chaima\Desktop\jfreechart\src\main\java\org\jfree\chart\renderer\xy\WindItemRenderer.java : 0.5286624203821656;
C:\Users\Chaima\Desktop\jfreechart\src\main\java\org\jfree\chart\renderer\xy\XYAreaRenderer.java : 0.4098613251155624;
C:\Users\Chaima\Desktop\jfreechart\src\main\java\org\jfree\chart\renderer\xy\XYAreaRenderer2.java : 0.40816326530612246;
C:\Users\Chaima\Desktop\jfreechart\src\main\java\org\jfree\chart\renderer\xy\XYBarPainter.java : 0.875;
C:\Users\Chaima\Desktop\jfreechart\src\main\java\org\jfree\chart\renderer\xy\XYBarRenderer.java : 0.42988929889298894;
C:\Users\Chaima\Desktop\jfreechart\src\main\java\org\jfree\chart\renderer\xy\XYBlockRenderer.java : 0.4731404958677686;
C:\Users\Chaima\Desktop\jfreechart\src\main\java\org\jfree\chart\renderer\xy\XYBoxAndWhiskerRenderer.java : 0.4242837653478854;
C:\Users\Chaima\Desktop\jfreechart\src\main\java\org\jfree\chart\renderer\xy\XYBubbleRenderer.java : 0.3858520900321543;
C:\Users\Chaima\Desktop\jfreechart\src\main\java\org\jfree\chart\renderer\xy\XYDifferenceRenderer.java : 0.3519394512771996;
C:\Users\Chaima\Desktop\jfreechart\src\main\java\org\jfree\chart\renderer\xy\XYDotRenderer.java : 0.5;
C:\Users\Chaima\Desktop\jfreechart\src\main\java\org\jfree\chart\renderer\xy\XYErrorRenderer.java : 0.4939759036144578;
C:\Users\Chaima\Desktop\jfreechart\src\main\java\org\jfree\chart\renderer\xy\XYItemRenderer.java : 0.8733986435568952;
C:\Users\Chaima\Desktop\jfreechart\src\main\java\org\jfree\chart\renderer\xy\XYItemRendererState.java : 0.8021978021978022;
C:\Users\Chaima\Desktop\jfreechart\src\main\java\org\jfree\chart\renderer\xy\XYLineAndShapeRenderer.java : 0.5287569573283859;
C:\Users\Chaima\Desktop\jfreechart\src\main\java\org\jfree\chart\renderer\xy\XYShapeRenderer.java : 0.5213523131672598;
C:\Users\Chaima\Desktop\jfreechart\src\main\java\org\jfree\chart\renderer\xy\XYSplineRenderer.java : 0.46220302375809935;
C:\Users\Chaima\Desktop\jfreechart\src\main\java\org\jfree\chart\renderer\xy\XYStepAreaRenderer.java : 0.4849557522123894;
C:\Users\Chaima\Desktop\jfreechart\src\main\java\org\jfree\chart\renderer\xy\XYStepRenderer.java : 0.49050632911392406;
C:\Users\Chaima\Desktop\jfreechart\src\main\java\org\jfree\chart\renderer\xy\YIntervalRenderer.java : 0.49097472924187724;
C:\Users\Chaima\Desktop\jfreechart\src\main\java\org\jfree\chart\StandardChartTheme.java : 0.4422141119221411;
C:\Users\Chaima\Desktop\jfreechart\src\main\java\org\jfree\chart\swing\AbstractOverlay.java : 0.693069306930693;
C:\Users\Chaima\Desktop\jfreechart\src\main\java\org\jfree\chart\swing\ApplicationFrame.java : 0.7017543859649122;
C:\Users\Chaima\Desktop\jfreechart\src\main\java\org\jfree\chart\swing\ChartFrame.java : 0.7108433734939759;
C:\Users\Chaima\Desktop\jfreechart\src\main\java\org\jfree\chart\swing\ChartMouseEvent.java : 0.71875;
C:\Users\Chaima\Desktop\jfreechart\src\main\java\org\jfree\chart\swing\ChartMouseListener.java : 0.8983050847457628;
C:\Users\Chaima\Desktop\jfreechart\src\main\java\org\jfree\chart\swing\ChartPanel.java : 0.43781818181818183;
C:\Users\Chaima\Desktop\jfreechart\src\main\java\org\jfree\chart\swing\CrosshairOverlay.java : 0.30687830687830686;
C:\Users\Chaima\Desktop\jfreechart\src\main\java\org\jfree\chart\swing\DefaultSelectionZoomStrategy.java : 0.3514644351464435;
C:\Users\Chaima\Desktop\jfreechart\src\main\java\org\jfree\chart\swing\editor\ChartEditor.java : 0.9038461538461539;
C:\Users\Chaima\Desktop\jfreechart\src\main\java\org\jfree\chart\swing\editor\ChartEditorFactory.java : 0.92;
C:\Users\Chaima\Desktop\jfreechart\src\main\java\org\jfree\chart\swing\editor\ChartEditorManager.java : 0.7901234567901234;
C:\Users\Chaima\Desktop\jfreechart\src\main\java\org\jfree\chart\swing\editor\DefaultAxisEditor.java : 0.5304740406320542;
C:\Users\Chaima\Desktop\jfreechart\src\main\java\org\jfree\chart\swing\editor\DefaultChartEditor.java : 0.3905579399141631;
C:\Users\Chaima\Desktop\jfreechart\src\main\java\org\jfree\chart\swing\editor\DefaultChartEditorFactory.java : 0.8448275862068966;
C:\Users\Chaima\Desktop\jfreechart\src\main\java\org\jfree\chart\swing\editor\DefaultLogAxisEditor.java : 0.4527027027027027;
C:\Users\Chaima\Desktop\jfreechart\src\main\java\org\jfree\chart\swing\editor\DefaultNumberAxisEditor.java : 0.36423841059602646;
C:\Users\Chaima\Desktop\jfreechart\src\main\java\org\jfree\chart\swing\editor\DefaultPlotEditor.java : 0.35650623885918004;
C:\Users\Chaima\Desktop\jfreechart\src\main\java\org\jfree\chart\swing\editor\DefaultPolarPlotEditor.java : 0.41711229946524064;
C:\Users\Chaima\Desktop\jfreechart\src\main\java\org\jfree\chart\swing\editor\DefaultTitleEditor.java : 0.391304347826087;
C:\Users\Chaima\Desktop\jfreechart\src\main\java\org\jfree\chart\swing\editor\DefaultValueAxisEditor.java : 0.3869209809264305;
C:\Users\Chaima\Desktop\jfreechart\src\main\java\org\jfree\chart\swing\editor\FontChooserPanel.java : 0.38461538461538464;
C:\Users\Chaima\Desktop\jfreechart\src\main\java\org\jfree\chart\swing\editor\FontDisplayField.java : 0.6744186046511628;
C:\Users\Chaima\Desktop\jfreechart\src\main\java\org\jfree\chart\swing\editor\LCBLayout.java : 0.4152542372881356;
C:\Users\Chaima\Desktop\jfreechart\src\main\java\org\jfree\chart\swing\editor\package-info.java : 0.75;
C:\Users\Chaima\Desktop\jfreechart\src\main\java\org\jfree\chart\swing\editor\PaintSample.java : 0.58;
C:\Users\Chaima\Desktop\jfreechart\src\main\java\org\jfree\chart\swing\editor\StrokeChooserPanel.java : 0.6506024096385542;
C:\Users\Chaima\Desktop\jfreechart\src\main\java\org\jfree\chart\swing\editor\StrokeSample.java : 0.5136986301369864;
C:\Users\Chaima\Desktop\jfreechart\src\main\java\org\jfree\chart\swing\MouseWheelHandler.java : 0.5467625899280576;
C:\Users\Chaima\Desktop\jfreechart\src\main\java\org\jfree\chart\swing\NumberCellRenderer.java : 0.6282051282051282;
C:\Users\Chaima\Desktop\jfreechart\src\main\java\org\jfree\chart\swing\Overlay.java : 0.9230769230769231;
C:\Users\Chaima\Desktop\jfreechart\src\main\java\org\jfree\chart\swing\OverlayChangeEvent.java : 0.9;
C:\Users\Chaima\Desktop\jfreechart\src\main\java\org\jfree\chart\swing\OverlayChangeListener.java : 0.9166666666666666;
C:\Users\Chaima\Desktop\jfreechart\src\main\java\org\jfree\chart\swing\package-info.java : 0.75;
C:\Users\Chaima\Desktop\jfreechart\src\main\java\org\jfree\chart\swing\PolarChartPanel.java : 0.46511627906976744;
C:\Users\Chaima\Desktop\jfreechart\src\main\java\org\jfree\chart\swing\SelectionZoomStrategy.java : 0.85625;
C:\Users\Chaima\Desktop\jfreechart\src\main\java\org\jfree\chart\swing\UIUtils.java : 0.5580110497237569;
C:\Users\Chaima\Desktop\jfreechart\src\main\java\org\jfree\chart\text\AttributedStringUtils.java : 0.5227272727272727;
C:\Users\Chaima\Desktop\jfreechart\src\main\java\org\jfree\chart\text\format\HexNumberFormat.java : 0.6764705882352942;
C:\Users\Chaima\Desktop\jfreechart\src\main\java\org\jfree\chart\text\format\HMSNumberFormat.java : 0.7428571428571429;
C:\Users\Chaima\Desktop\jfreechart\src\main\java\org\jfree\chart\text\format\LogFormat.java : 0.5675675675675675;
C:\Users\Chaima\Desktop\jfreechart\src\main\java\org\jfree\chart\text\format\package-info.java : 0.75;
C:\Users\Chaima\Desktop\jfreechart\src\main\java\org\jfree\chart\text\format\RelativeDateFormat.java : 0.5708582834331337;
C:\Users\Chaima\Desktop\jfreechart\src\main\java\org\jfree\chart\text\G2TextMeasurer.java : 0.7301587301587301;
C:\Users\Chaima\Desktop\jfreechart\src\main\java\org\jfree\chart\text\package-info.java : 0.75;
C:\Users\Chaima\Desktop\jfreechart\src\main\java\org\jfree\chart\text\TextAnchor.java : 0.6551724137931034;
C:\Users\Chaima\Desktop\jfreechart\src\main\java\org\jfree\chart\text\TextBlock.java : 0.5;
C:\Users\Chaima\Desktop\jfreechart\src\main\java\org\jfree\chart\text\TextBlockAnchor.java : 0.8;
C:\Users\Chaima\Desktop\jfreechart\src\main\java\org\jfree\chart\text\TextBox.java : 0.48148148148148145;
C:\Users\Chaima\Desktop\jfreechart\src\main\java\org\jfree\chart\text\TextFragment.java : 0.5410447761194029;
C:\Users\Chaima\Desktop\jfreechart\src\main\java\org\jfree\chart\text\TextLine.java : 0.5180180180180181;
C:\Users\Chaima\Desktop\jfreechart\src\main\java\org\jfree\chart\text\TextMeasurer.java : 0.9318181818181818;
C:\Users\Chaima\Desktop\jfreechart\src\main\java\org\jfree\chart\text\TextUtils.java : 0.4434907010014306;
C:\Users\Chaima\Desktop\jfreechart\src\main\java\org\jfree\chart\title\CompositeTitle.java : 0.5695067264573991;
C:\Users\Chaima\Desktop\jfreechart\src\main\java\org\jfree\chart\title\DateTitle.java : 0.7662337662337663;
C:\Users\Chaima\Desktop\jfreechart\src\main\java\org\jfree\chart\title\ImageTitle.java : 0.4727272727272727;
C:\Users\Chaima\Desktop\jfreechart\src\main\java\org\jfree\chart\title\package-info.java : 0.75;
C:\Users\Chaima\Desktop\jfreechart\src\main\java\org\jfree\chart\title\ShortTextTitle.java : 0.47085201793721976;
C:\Users\Chaima\Desktop\jfreechart\src\main\java\org\jfree\chart\title\TextTitle.java : 0.42125;
C:\Users\Chaima\Desktop\jfreechart\src\main\java\org\jfree\chart\title\Title.java : 0.5555555555555556;
C:\Users\Chaima\Desktop\jfreechart\src\main\java\org\jfree\chart\urls\CategoryURLGenerator.java : 0.9315068493150684;
C:\Users\Chaima\Desktop\jfreechart\src\main\java\org\jfree\chart\urls\CustomCategoryURLGenerator.java : 0.5139664804469274;
C:\Users\Chaima\Desktop\jfreechart\src\main\java\org\jfree\chart\urls\CustomPieURLGenerator.java : 0.5392156862745098;
C:\Users\Chaima\Desktop\jfreechart\src\main\java\org\jfree\chart\urls\CustomXYURLGenerator.java : 0.5440414507772021;
C:\Users\Chaima\Desktop\jfreechart\src\main\java\org\jfree\chart\urls\package-info.java : 0.75;
C:\Users\Chaima\Desktop\jfreechart\src\main\java\org\jfree\chart\urls\PieURLGenerator.java : 0.9375;
C:\Users\Chaima\Desktop\jfreechart\src\main\java\org\jfree\chart\urls\StandardCategoryURLGenerator.java : 0.5418994413407822;
C:\Users\Chaima\Desktop\jfreechart\src\main\java\org\jfree\chart\urls\StandardPieURLGenerator.java : 0.5496688741721855;
C:\Users\Chaima\Desktop\jfreechart\src\main\java\org\jfree\chart\urls\StandardXYURLGenerator.java : 0.5928571428571429;
C:\Users\Chaima\Desktop\jfreechart\src\main\java\org\jfree\chart\urls\StandardXYZURLGenerator.java : 0.8666666666666667;
C:\Users\Chaima\Desktop\jfreechart\src\main\java\org\jfree\chart\urls\TimeSeriesURLGenerator.java : 0.5136612021857924;
C:\Users\Chaima\Desktop\jfreechart\src\main\java\org\jfree\chart\urls\XYURLGenerator.java : 0.9393939393939394;
C:\Users\Chaima\Desktop\jfreechart\src\main\java\org\jfree\chart\urls\XYZURLGenerator.java : 0.9344262295081968;
C:\Users\Chaima\Desktop\jfreechart\src\main\java\org\jfree\chart\util\AttrStringUtils.java : 0.39464882943143814;
C:\Users\Chaima\Desktop\jfreechart\src\main\java\org\jfree\chart\util\DefaultShadowGenerator.java : 0.4788732394366197;
C:\Users\Chaima\Desktop\jfreechart\src\main\java\org\jfree\chart\util\DirectionalGradientPaintTransformer.java : 0.624;
C:\Users\Chaima\Desktop\jfreechart\src\main\java\org\jfree\chart\util\ExportUtils.java : 0.4834123222748815;
C:\Users\Chaima\Desktop\jfreechart\src\main\java\org\jfree\chart\util\GradientPaintTransformer.java : 0.8936170212765957;
C:\Users\Chaima\Desktop\jfreechart\src\main\java\org\jfree\chart\util\GradientPaintTransformType.java : 0.85;
C:\Users\Chaima\Desktop\jfreechart\src\main\java\org\jfree\chart\util\package-info.java : 0.75;
C:\Users\Chaima\Desktop\jfreechart\src\main\java\org\jfree\chart\util\PaintAlpha.java : 0.704225352112676;
C:\Users\Chaima\Desktop\jfreechart\src\main\java\org\jfree\chart\util\ShadowGenerator.java : 0.9117647058823529;
C:\Users\Chaima\Desktop\jfreechart\src\main\java\org\jfree\chart\util\StandardGradientPaintTransformer.java : 0.5;
C:\Users\Chaima\Desktop\jfreechart\src\main\java\org\jfree\chart\util\StringUtils.java : 0.7241379310344828;
C:\Users\Chaima\Desktop\jfreechart\src\main\java\org\jfree\data\category\CategoryDataset.java : 0.9230769230769231;
C:\Users\Chaima\Desktop\jfreechart\src\main\java\org\jfree\data\category\CategoryRangeInfo.java : 0.9032258064516129;
C:\Users\Chaima\Desktop\jfreechart\src\main\java\org\jfree\data\category\CategoryToPieDataset.java : 0.4900662251655629;
C:\Users\Chaima\Desktop\jfreechart\src\main\java\org\jfree\data\category\DefaultCategoryDataset.java : 0.6480582524271845;
C:\Users\Chaima\Desktop\jfreechart\src\main\java\org\jfree\data\category\DefaultIntervalCategoryDataset.java : 0.4946091644204852;
C:\Users\Chaima\Desktop\jfreechart\src\main\java\org\jfree\data\category\IntervalCategoryDataset.java : 0.9195402298850575;
C:\Users\Chaima\Desktop\jfreechart\src\main\java\org\jfree\data\category\package.html : 0.16666666666666666;
C:\Users\Chaima\Desktop\jfreechart\src\main\java\org\jfree\data\category\SlidingCategoryDataset.java : 0.5775862068965517;
C:\Users\Chaima\Desktop\jfreechart\src\main\java\org\jfree\data\ComparableObjectItem.java : 0.6470588235294118;
C:\Users\Chaima\Desktop\jfreechart\src\main\java\org\jfree\data\ComparableObjectSeries.java : 0.528169014084507;
C:\Users\Chaima\Desktop\jfreechart\src\main\java\org\jfree\data\DataUtils.java : 0.4979757085020243;
C:\Users\Chaima\Desktop\jfreechart\src\main\java\org\jfree\data\DefaultKeyedValue.java : 0.6375838926174496;
C:\Users\Chaima\Desktop\jfreechart\src\main\java\org\jfree\data\DefaultKeyedValues.java : 0.513317191283293;
C:\Users\Chaima\Desktop\jfreechart\src\main\java\org\jfree\data\DefaultKeyedValues2D.java : 0.5029585798816568;
C:\Users\Chaima\Desktop\jfreechart\src\main\java\org\jfree\data\DomainInfo.java : 0.9324324324324325;
C:\Users\Chaima\Desktop\jfreechart\src\main\java\org\jfree\data\DomainOrder.java : 0.8936170212765957;
C:\Users\Chaima\Desktop\jfreechart\src\main\java\org\jfree\data\flow\DefaultFlowDataset.java : 0.49142857142857144;
C:\Users\Chaima\Desktop\jfreechart\src\main\java\org\jfree\data\flow\FlowDataset.java : 0.8943089430894309;
C:\Users\Chaima\Desktop\jfreechart\src\main\java\org\jfree\data\flow\FlowDatasetUtils.java : 0.5463917525773195;
C:\Users\Chaima\Desktop\jfreechart\src\main\java\org\jfree\data\flow\FlowKey.java : 0.6025641025641025;
C:\Users\Chaima\Desktop\jfreechart\src\main\java\org\jfree\data\flow\NodeKey.java : 0.6214285714285714;
C:\Users\Chaima\Desktop\jfreechart\src\main\java\org\jfree\data\flow\package-info.java : 0.75;
C:\Users\Chaima\Desktop\jfreechart\src\main\java\org\jfree\data\function\Function2D.java : 0.9444444444444444;
C:\Users\Chaima\Desktop\jfreechart\src\main\java\org\jfree\data\function\LineFunction2D.java : 0.6694214876033058;
C:\Users\Chaima\Desktop\jfreechart\src\main\java\org\jfree\data\function\NormalDistributionFunction2D.java : 0.6511627906976745;
C:\Users\Chaima\Desktop\jfreechart\src\main\java\org\jfree\data\function\package.html : 0.16666666666666666;
C:\Users\Chaima\Desktop\jfreechart\src\main\java\org\jfree\data\function\PolynomialFunction2D.java : 0.6923076923076923;
C:\Users\Chaima\Desktop\jfreechart\src\main\java\org\jfree\data\function\PowerFunction2D.java : 0.6694214876033058;
C:\Users\Chaima\Desktop\jfreechart\src\main\java\org\jfree\data\gantt\GanttCategoryDataset.java : 0.9125;
C:\Users\Chaima\Desktop\jfreechart\src\main\java\org\jfree\data\gantt\package.html : 0.16666666666666666;
C:\Users\Chaima\Desktop\jfreechart\src\main\java\org\jfree\data\gantt\SlidingGanttCategoryDataset.java : 0.5445705024311183;
C:\Users\Chaima\Desktop\jfreechart\src\main\java\org\jfree\data\gantt\Task.java : 0.5938864628820961;
C:\Users\Chaima\Desktop\jfreechart\src\main\java\org\jfree\data\gantt\TaskSeries.java : 0.5815217391304348;
C:\Users\Chaima\Desktop\jfreechart\src\main\java\org\jfree\data\gantt\TaskSeriesCollection.java : 0.5071090047393365;
C:\Users\Chaima\Desktop\jfreechart\src\main\java\org\jfree\data\gantt\XYTaskDataset.java : 0.5528089887640449;
C:\Users\Chaima\Desktop\jfreechart\src\main\java\org\jfree\data\general\AbstractDataset.java : 0.6968325791855203;
C:\Users\Chaima\Desktop\jfreechart\src\main\java\org\jfree\data\general\AbstractSeriesDataset.java : 0.73;
C:\Users\Chaima\Desktop\jfreechart\src\main\java\org\jfree\data\general\Dataset.java : 0.9298245614035088;
C:\Users\Chaima\Desktop\jfreechart\src\main\java\org\jfree\data\general\DatasetChangeEvent.java : 0.875;
C:\Users\Chaima\Desktop\jfreechart\src\main\java\org\jfree\data\general\DatasetChangeListener.java : 0.9298245614035088;
C:\Users\Chaima\Desktop\jfreechart\src\main\java\org\jfree\data\general\DatasetUtils.java : 0.3761822871883061;
C:\Users\Chaima\Desktop\jfreechart\src\main\java\org\jfree\data\general\DefaultHeatMapDataset.java : 0.5667752442996743;
C:\Users\Chaima\Desktop\jfreechart\src\main\java\org\jfree\data\general\DefaultKeyedValueDataset.java : 0.574585635359116;
C:\Users\Chaima\Desktop\jfreechart\src\main\java\org\jfree\data\general\DefaultKeyedValues2DDataset.java : 0.8771929824561403;
C:\Users\Chaima\Desktop\jfreechart\src\main\java\org\jfree\data\general\DefaultKeyedValuesDataset.java : 0.9130434782608695;
C:\Users\Chaima\Desktop\jfreechart\src\main\java\org\jfree\data\general\DefaultPieDataset.java : 0.6099071207430341;
C:\Users\Chaima\Desktop\jfreechart\src\main\java\org\jfree\data\general\DefaultValueDataset.java : 0.6796875;
C:\Users\Chaima\Desktop\jfreechart\src\main\java\org\jfree\data\general\HeatMapDataset.java : 0.9148936170212766;
C:\Users\Chaima\Desktop\jfreechart\src\main\java\org\jfree\data\general\HeatMapUtils.java : 0.5882352941176471;
C:\Users\Chaima\Desktop\jfreechart\src\main\java\org\jfree\data\general\KeyedValueDataset.java : 0.9361702127659575;
C:\Users\Chaima\Desktop\jfreechart\src\main\java\org\jfree\data\general\KeyedValues2DDataset.java : 0.9148936170212766;
C:\Users\Chaima\Desktop\jfreechart\src\main\java\org\jfree\data\general\KeyedValuesDataset.java : 0.9302325581395349;
C:\Users\Chaima\Desktop\jfreechart\src\main\java\org\jfree\data\general\package.html : 0.16666666666666666;
C:\Users\Chaima\Desktop\jfreechart\src\main\java\org\jfree\data\general\PieDataset.java : 0.9183673469387755;
C:\Users\Chaima\Desktop\jfreechart\src\main\java\org\jfree\data\general\Series.java : 0.6470588235294118;
C:\Users\Chaima\Desktop\jfreechart\src\main\java\org\jfree\data\general\SeriesChangeEvent.java : 0.8620689655172413;
C:\Users\Chaima\Desktop\jfreechart\src\main\java\org\jfree\data\general\SeriesChangeListener.java : 0.9259259259259259;
C:\Users\Chaima\Desktop\jfreechart\src\main\java\org\jfree\data\general\SeriesDataset.java : 0.8717948717948718;
C:\Users\Chaima\Desktop\jfreechart\src\main\java\org\jfree\data\general\SeriesException.java : 0.8793103448275862;
C:\Users\Chaima\Desktop\jfreechart\src\main\java\org\jfree\data\general\ValueDataset.java : 0.9361702127659575;
C:\Users\Chaima\Desktop\jfreechart\src\main\java\org\jfree\data\general\WaferMapDataset.java : 0.6043956043956044;
C:\Users\Chaima\Desktop\jfreechart\src\main\java\org\jfree\data\io\CSV.java : 0.5161290322580645;
C:\Users\Chaima\Desktop\jfreechart\src\main\java\org\jfree\data\io\package.html : 0.16666666666666666;
C:\Users\Chaima\Desktop\jfreechart\src\main\java\org\jfree\data\ItemKey.java : 0.9361702127659575;
C:\Users\Chaima\Desktop\jfreechart\src\main\java\org\jfree\data\json\impl\JSONArray.java : 0.5208333333333334;
C:\Users\Chaima\Desktop\jfreechart\src\main\java\org\jfree\data\json\impl\JSONAware.java : 0.975609756097561;
C:\Users\Chaima\Desktop\jfreechart\src\main\java\org\jfree\data\json\impl\JSONObject.java : 0.5314285714285715;
C:\Users\Chaima\Desktop\jfreechart\src\main\java\org\jfree\data\json\impl\JSONStreamAware.java : 0.9347826086956522;
C:\Users\Chaima\Desktop\jfreechart\src\main\java\org\jfree\data\json\impl\JSONValue.java : 0.678343949044586;
C:\Users\Chaima\Desktop\jfreechart\src\main\java\org\jfree\data\json\impl\package-info.java : 0.75;
C:\Users\Chaima\Desktop\jfreechart\src\main\java\org\jfree\data\json\JSONUtils.java : 0.45989304812834225;
C:\Users\Chaima\Desktop\jfreechart\src\main\java\org\jfree\data\json\package-info.java : 0.75;
C:\Users\Chaima\Desktop\jfreechart\src\main\java\org\jfree\data\KeyedObject.java : 0.6074074074074074;
C:\Users\Chaima\Desktop\jfreechart\src\main\java\org\jfree\data\KeyedObjects.java : 0.5301587301587302;
C:\Users\Chaima\Desktop\jfreechart\src\main\java\org\jfree\data\KeyedObjects2D.java : 0.47835497835497837;
C:\Users\Chaima\Desktop\jfreechart\src\main\java\org\jfree\data\KeyedValue.java : 0.94;
C:\Users\Chaima\Desktop\jfreechart\src\main\java\org\jfree\data\KeyedValueComparator.java : 0.4503311258278146;
C:\Users\Chaima\Desktop\jfreechart\src\main\java\org\jfree\data\KeyedValueComparatorType.java : 0.9230769230769231;
C:\Users\Chaima\Desktop\jfreechart\src\main\java\org\jfree\data\KeyedValues.java : 0.9213483146067416;
C:\Users\Chaima\Desktop\jfreechart\src\main\java\org\jfree\data\KeyedValues2D.java : 0.8932038834951457;
C:\Users\Chaima\Desktop\jfreechart\src\main\java\org\jfree\data\KeyedValues2DItemKey.java : 0.5106382978723404;
C:\Users\Chaima\Desktop\jfreechart\src\main\java\org\jfree\data\KeyedValuesItemKey.java : 0.5607476635514018;
C:\Users\Chaima\Desktop\jfreechart\src\main\java\org\jfree\data\KeyToGroupMap.java : 0.4529616724738676;
C:\Users\Chaima\Desktop\jfreechart\src\main\java\org\jfree\data\package.html : 0.16666666666666666;
C:\Users\Chaima\Desktop\jfreechart\src\main\java\org\jfree\data\Range.java : 0.5542452830188679;
C:\Users\Chaima\Desktop\jfreechart\src\main\java\org\jfree\data\RangeInfo.java : 0.9285714285714286;
C:\Users\Chaima\Desktop\jfreechart\src\main\java\org\jfree\data\RangeType.java : 0.9056603773584906;
C:\Users\Chaima\Desktop\jfreechart\src\main\java\org\jfree\data\resources\DataPackageResources.java : 0.8225806451612904;
C:\Users\Chaima\Desktop\jfreechart\src\main\java\org\jfree\data\resources\DataPackageResources_de.java : 0.8225806451612904;
C:\Users\Chaima\Desktop\jfreechart\src\main\java\org\jfree\data\resources\DataPackageResources_es.java : 0.8225806451612904;
C:\Users\Chaima\Desktop\jfreechart\src\main\java\org\jfree\data\resources\DataPackageResources_fr.java : 0.819672131147541;
C:\Users\Chaima\Desktop\jfreechart\src\main\java\org\jfree\data\resources\DataPackageResources_pl.java : 0.8253968253968254;
C:\Users\Chaima\Desktop\jfreechart\src\main\java\org\jfree\data\resources\DataPackageResources_ru.java : 0.8135593220338984;
C:\Users\Chaima\Desktop\jfreechart\src\main\java\org\jfree\data\resources\package.html : 0.16666666666666666;
C:\Users\Chaima\Desktop\jfreechart\src\main\java\org\jfree\data\statistics\BoxAndWhiskerCalculator.java : 0.4723618090452261;
C:\Users\Chaima\Desktop\jfreechart\src\main\java\org\jfree\data\statistics\BoxAndWhiskerCategoryDataset.java : 0.8944954128440367;
C:\Users\Chaima\Desktop\jfreechart\src\main\java\org\jfree\data\statistics\BoxAndWhiskerItem.java : 0.5627376425855514;
C:\Users\Chaima\Desktop\jfreechart\src\main\java\org\jfree\data\statistics\BoxAndWhiskerXYDataset.java : 0.9030303030303031;
C:\Users\Chaima\Desktop\jfreechart\src\main\java\org\jfree\data\statistics\DefaultBoxAndWhiskerCategoryDataset.java : 0.5281933256616801;
C:\Users\Chaima\Desktop\jfreechart\src\main\java\org\jfree\data\statistics\DefaultBoxAndWhiskerXYDataset.java : 0.5506692160611855;
C:\Users\Chaima\Desktop\jfreechart\src\main\java\org\jfree\data\statistics\DefaultMultiValueCategoryDataset.java : 0.48947368421052634;
C:\Users\Chaima\Desktop\jfreechart\src\main\java\org\jfree\data\statistics\DefaultStatisticalCategoryDataset.java : 0.4722222222222222;
C:\Users\Chaima\Desktop\jfreechart\src\main\java\org\jfree\data\statistics\HistogramBin.java : 0.6282051282051282;
C:\Users\Chaima\Desktop\jfreechart\src\main\java\org\jfree\data\statistics\HistogramDataset.java : 0.556989247311828;
C:\Users\Chaima\Desktop\jfreechart\src\main\java\org\jfree\data\statistics\HistogramType.java : 0.9038461538461539;
C:\Users\Chaima\Desktop\jfreechart\src\main\java\org\jfree\data\statistics\MeanAndStandardDeviation.java : 0.6219512195121951;
C:\Users\Chaima\Desktop\jfreechart\src\main\java\org\jfree\data\statistics\MultiValueCategoryDataset.java : 0.8939393939393939;
C:\Users\Chaima\Desktop\jfreechart\src\main\java\org\jfree\data\statistics\package.html : 0.16666666666666666;
C:\Users\Chaima\Desktop\jfreechart\src\main\java\org\jfree\data\statistics\Regression.java : 0.4;
C:\Users\Chaima\Desktop\jfreechart\src\main\java\org\jfree\data\statistics\SimpleHistogramBin.java : 0.5212355212355212;
C:\Users\Chaima\Desktop\jfreechart\src\main\java\org\jfree\data\statistics\SimpleHistogramDataset.java : 0.5929203539823009;
C:\Users\Chaima\Desktop\jfreechart\src\main\java\org\jfree\data\statistics\StatisticalCategoryDataset.java : 0.9;
C:\Users\Chaima\Desktop\jfreechart\src\main\java\org\jfree\data\statistics\Statistics.java : 0.48095238095238096;
C:\Users\Chaima\Desktop\jfreechart\src\main\java\org\jfree\data\time\DateRange.java : 0.7074829931972789;
C:\Users\Chaima\Desktop\jfreechart\src\main\java\org\jfree\data\time\Day.java : 0.5747126436781609;
C:\Users\Chaima\Desktop\jfreechart\src\main\java\org\jfree\data\time\DynamicTimeSeriesCollection.java : 0.5395348837209303;
C:\Users\Chaima\Desktop\jfreechart\src\main\java\org\jfree\data\time\FixedMillisecond.java : 0.5769230769230769;
C:\Users\Chaima\Desktop\jfreechart\src\main\java\org\jfree\data\time\Hour.java : 0.5711060948081265;
C:\Users\Chaima\Desktop\jfreechart\src\main\java\org\jfree\data\time\Millisecond.java : 0.5485436893203883;
C:\Users\Chaima\Desktop\jfreechart\src\main\java\org\jfree\data\time\Minute.java : 0.5558035714285714;
C:\Users\Chaima\Desktop\jfreechart\src\main\java\org\jfree\data\time\Month.java : 0.5272727272727272;
C:\Users\Chaima\Desktop\jfreechart\src\main\java\org\jfree\data\time\MovingAverage.java : 0.44594594594594594;
C:\Users\Chaima\Desktop\jfreechart\src\main\java\org\jfree\data\time\ohlc\OHLC.java : 0.5972222222222222;
C:\Users\Chaima\Desktop\jfreechart\src\main\java\org\jfree\data\time\ohlc\OHLCItem.java : 0.6124031007751938;
C:\Users\Chaima\Desktop\jfreechart\src\main\java\org\jfree\data\time\ohlc\OHLCSeries.java : 0.7086614173228346;
C:\Users\Chaima\Desktop\jfreechart\src\main\java\org\jfree\data\time\ohlc\OHLCSeriesCollection.java : 0.5925110132158591;
C:\Users\Chaima\Desktop\jfreechart\src\main\java\org\jfree\data\time\ohlc\package.html : 0.16666666666666666;
C:\Users\Chaima\Desktop\jfreechart\src\main\java\org\jfree\data\time\package.html : 0.16666666666666666;
C:\Users\Chaima\Desktop\jfreechart\src\main\java\org\jfree\data\time\Quarter.java : 0.5613636363636364;
C:\Users\Chaima\Desktop\jfreechart\src\main\java\org\jfree\data\time\RegularTimePeriod.java : 0.6980609418282548;
C:\Users\Chaima\Desktop\jfreechart\src\main\java\org\jfree\data\time\Second.java : 0.5547619047619048;
C:\Users\Chaima\Desktop\jfreechart\src\main\java\org\jfree\data\time\SimpleTimePeriod.java : 0.5671641791044776;
C:\Users\Chaima\Desktop\jfreechart\src\main\java\org\jfree\data\time\TimePeriod.java : 0.9122807017543859;
C:\Users\Chaima\Desktop\jfreechart\src\main\java\org\jfree\data\time\TimePeriodAnchor.java : 0.8958333333333334;
C:\Users\Chaima\Desktop\jfreechart\src\main\java\org\jfree\data\time\TimePeriodFormatException.java : 0.8979591836734694;
C:\Users\Chaima\Desktop\jfreechart\src\main\java\org\jfree\data\time\TimePeriodValue.java : 0.625;
C:\Users\Chaima\Desktop\jfreechart\src\main\java\org\jfree\data\time\TimePeriodValues.java : 0.4964705882352941;
C:\Users\Chaima\Desktop\jfreechart\src\main\java\org\jfree\data\time\TimePeriodValuesCollection.java : 0.5036496350364964;
C:\Users\Chaima\Desktop\jfreechart\src\main\java\org\jfree\data\time\TimeSeries.java : 0.49573378839590443;
C:\Users\Chaima\Desktop\jfreechart\src\main\java\org\jfree\data\time\TimeSeriesCollection.java : 0.5203619909502263;
C:\Users\Chaima\Desktop\jfreechart\src\main\java\org\jfree\data\time\TimeSeriesDataItem.java : 0.6684210526315789;
C:\Users\Chaima\Desktop\jfreechart\src\main\java\org\jfree\data\time\TimeSeriesTableModel.java : 0.475;
C:\Users\Chaima\Desktop\jfreechart\src\main\java\org\jfree\data\time\TimeTableXYDataset.java : 0.5989304812834224;
C:\Users\Chaima\Desktop\jfreechart\src\main\java\org\jfree\data\time\Week.java : 0.507563025210084;
C:\Users\Chaima\Desktop\jfreechart\src\main\java\org\jfree\data\time\Year.java : 0.625;
C:\Users\Chaima\Desktop\jfreechart\src\main\java\org\jfree\data\UnknownKeyException.java : 0.9056603773584906;
C:\Users\Chaima\Desktop\jfreechart\src\main\java\org\jfree\data\Value.java : 0.9423076923076923;
C:\Users\Chaima\Desktop\jfreechart\src\main\java\org\jfree\data\Values.java : 0.9322033898305084;
C:\Users\Chaima\Desktop\jfreechart\src\main\java\org\jfree\data\Values2D.java : 0.927536231884058;
C:\Users\Chaima\Desktop\jfreechart\src\main\java\org\jfree\data\xml\CategoryDatasetHandler.java : 0.6115702479338843;
C:\Users\Chaima\Desktop\jfreechart\src\main\java\org\jfree\data\xml\CategorySeriesHandler.java : 0.5895522388059702;
C:\Users\Chaima\Desktop\jfreechart\src\main\java\org\jfree\data\xml\DatasetReader.java : 0.5590062111801242;
C:\Users\Chaima\Desktop\jfreechart\src\main\java\org\jfree\data\xml\DatasetTags.java : 0.8596491228070176;
C:\Users\Chaima\Desktop\jfreechart\src\main\java\org\jfree\data\xml\ItemHandler.java : 0.5960264900662252;
C:\Users\Chaima\Desktop\jfreechart\src\main\java\org\jfree\data\xml\KeyHandler.java : 0.6312056737588653;
C:\Users\Chaima\Desktop\jfreechart\src\main\java\org\jfree\data\xml\package.html : 0.16666666666666666;
C:\Users\Chaima\Desktop\jfreechart\src\main\java\org\jfree\data\xml\PieDatasetHandler.java : 0.6363636363636364;
C:\Users\Chaima\Desktop\jfreechart\src\main\java\org\jfree\data\xml\RootHandler.java : 0.6666666666666666;
C:\Users\Chaima\Desktop\jfreechart\src\main\java\org\jfree\data\xml\ValueHandler.java : 0.5986394557823129;
C:\Users\Chaima\Desktop\jfreechart\src\main\java\org\jfree\data\xy\AbstractIntervalXYDataset.java : 0.6551724137931034;
C:\Users\Chaima\Desktop\jfreechart\src\main\java\org\jfree\data\xy\AbstractXYDataset.java : 0.7;
C:\Users\Chaima\Desktop\jfreechart\src\main\java\org\jfree\data\xy\AbstractXYZDataset.java : 0.8;
C:\Users\Chaima\Desktop\jfreechart\src\main\java\org\jfree\data\xy\CategoryTableXYDataset.java : 0.6318537859007833;
C:\Users\Chaima\Desktop\jfreechart\src\main\java\org\jfree\data\xy\DefaultHighLowDataset.java : 0.6130653266331658;
C:\Users\Chaima\Desktop\jfreechart\src\main\java\org\jfree\data\xy\DefaultIntervalXYDataset.java : 0.6323809523809524;
C:\Users\Chaima\Desktop\jfreechart\src\main\java\org\jfree\data\xy\DefaultOHLCDataset.java : 0.603125;
C:\Users\Chaima\Desktop\jfreechart\src\main\java\org\jfree\data\xy\DefaultTableXYDataset.java : 0.5034364261168385;
C:\Users\Chaima\Desktop\jfreechart\src\main\java\org\jfree\data\xy\DefaultWindDataset.java : 0.5304568527918782;
C:\Users\Chaima\Desktop\jfreechart\src\main\java\org\jfree\data\xy\DefaultXYDataset.java : 0.5988857938718662;
C:\Users\Chaima\Desktop\jfreechart\src\main\java\org\jfree\data\xy\DefaultXYZDataset.java : 0.6169154228855721;
C:\Users\Chaima\Desktop\jfreechart\src\main\java\org\jfree\data\xy\IntervalXYDataset.java : 0.927007299270073;
C:\Users\Chaima\Desktop\jfreechart\src\main\java\org\jfree\data\xy\IntervalXYDelegate.java : 0.6009174311926605;
C:\Users\Chaima\Desktop\jfreechart\src\main\java\org\jfree\data\xy\IntervalXYZDataset.java : 0.9072164948453608;
C:\Users\Chaima\Desktop\jfreechart\src\main\java\org\jfree\data\xy\MatrixSeries.java : 0.635;
C:\Users\Chaima\Desktop\jfreechart\src\main\java\org\jfree\data\xy\MatrixSeriesCollection.java : 0.6066176470588235;
C:\Users\Chaima\Desktop\jfreechart\src\main\java\org\jfree\data\xy\NormalizedMatrixSeries.java : 0.7480916030534351;
C:\Users\Chaima\Desktop\jfreechart\src\main\java\org\jfree\data\xy\OHLCDataItem.java : 0.5824175824175825;
C:\Users\Chaima\Desktop\jfreechart\src\main\java\org\jfree\data\xy\OHLCDataset.java : 0.9194630872483222;
C:\Users\Chaima\Desktop\jfreechart\src\main\java\org\jfree\data\xy\package.html : 0.16666666666666666;
C:\Users\Chaima\Desktop\jfreechart\src\main\java\org\jfree\data\xy\TableXYDataset.java : 0.9473684210526315;
C:\Users\Chaima\Desktop\jfreechart\src\main\java\org\jfree\data\xy\Vector.java : 0.674074074074074;
C:\Users\Chaima\Desktop\jfreechart\src\main\java\org\jfree\data\xy\VectorDataItem.java : 0.7008547008547008;
C:\Users\Chaima\Desktop\jfreechart\src\main\java\org\jfree\data\xy\VectorSeries.java : 0.7345679012345679;
C:\Users\Chaima\Desktop\jfreechart\src\main\java\org\jfree\data\xy\VectorSeriesCollection.java : 0.6237623762376238;
C:\Users\Chaima\Desktop\jfreechart\src\main\java\org\jfree\data\xy\VectorXYDataset.java : 0.9315068493150684;
C:\Users\Chaima\Desktop\jfreechart\src\main\java\org\jfree\data\xy\WindDataset.java : 0.9552238805970149;
C:\Users\Chaima\Desktop\jfreechart\src\main\java\org\jfree\data\xy\XIntervalDataItem.java : 0.6826923076923077;
C:\Users\Chaima\Desktop\jfreechart\src\main\java\org\jfree\data\xy\XIntervalSeries.java : 0.7592592592592593;
C:\Users\Chaima\Desktop\jfreechart\src\main\java\org\jfree\data\xy\XIntervalSeriesCollection.java : 0.6138888888888889;
C:\Users\Chaima\Desktop\jfreechart\src\main\java\org\jfree\data\xy\XisSymbolic.java : 0.9305555555555556;
C:\Users\Chaima\Desktop\jfreechart\src\main\java\org\jfree\data\xy\XYBarDataset.java : 0.6507042253521127;
C:\Users\Chaima\Desktop\jfreechart\src\main\java\org\jfree\data\xy\XYCoordinate.java : 0.5612903225806452;
C:\Users\Chaima\Desktop\jfreechart\src\main\java\org\jfree\data\xy\XYDataItem.java : 0.5945945945945946;
C:\Users\Chaima\Desktop\jfreechart\src\main\java\org\jfree\data\xy\XYDataset.java : 0.9074074074074074;
C:\Users\Chaima\Desktop\jfreechart\src\main\java\org\jfree\data\xy\XYDatasetTableModel.java : 0.7302904564315352;
C:\Users\Chaima\Desktop\jfreechart\src\main\java\org\jfree\data\xy\XYDomainInfo.java : 0.9090909090909091;
C:\Users\Chaima\Desktop\jfreechart\src\main\java\org\jfree\data\xy\XYInterval.java : 0.6013986013986014;
C:\Users\Chaima\Desktop\jfreechart\src\main\java\org\jfree\data\xy\XYIntervalDataItem.java : 0.5895522388059702;
C:\Users\Chaima\Desktop\jfreechart\src\main\java\org\jfree\data\xy\XYIntervalSeries.java : 0.746031746031746;
C:\Users\Chaima\Desktop\jfreechart\src\main\java\org\jfree\data\xy\XYIntervalSeriesCollection.java : 0.6330532212885154;
C:\Users\Chaima\Desktop\jfreechart\src\main\java\org\jfree\data\xy\XYItemKey.java : 0.5144927536231884;
C:\Users\Chaima\Desktop\jfreechart\src\main\java\org\jfree\data\xy\XYRangeInfo.java : 0.9107142857142857;
C:\Users\Chaima\Desktop\jfreechart\src\main\java\org\jfree\data\xy\XYSeries.java : 0.5325112107623319;
C:\Users\Chaima\Desktop\jfreechart\src\main\java\org\jfree\data\xy\XYSeriesCollection.java : 0.4788135593220339;
C:\Users\Chaima\Desktop\jfreechart\src\main\java\org\jfree\data\xy\XYZDataset.java : 0.9333333333333333;
C:\Users\Chaima\Desktop\jfreechart\src\main\java\org\jfree\data\xy\YInterval.java : 0.6428571428571429;
C:\Users\Chaima\Desktop\jfreechart\src\main\java\org\jfree\data\xy\YIntervalDataItem.java : 0.6504854368932039;
C:\Users\Chaima\Desktop\jfreechart\src\main\java\org\jfree\data\xy\YIntervalSeries.java : 0.7668711656441718;
C:\Users\Chaima\Desktop\jfreechart\src\main\java\org\jfree\data\xy\YIntervalSeriesCollection.java : 0.6230529595015576;
C:\Users\Chaima\Desktop\jfreechart\src\main\java\org\jfree\data\xy\YisSymbolic.java : 0.9315068493150684;
C:\Users\Chaima\Desktop\jfreechart\src\main\java\org\jfree\data\xy\YWithXInterval.java : 0.6551724137931034;

