Chidamber-Kemerer metrics,jeu., 20 oct. 2022 17:15:06 HAE
Class,CBO,DIT,LCOM,NOC,RFC,WMC
org.jfree.chart.AreaChartTest,14,1,1,0,31,6
org.jfree.chart.AreaChartTest.LocalListener,3,1,1,0,1,1
org.jfree.chart.BarChartTest,14,1,1,0,31,6
org.jfree.chart.BarChartTest.LocalListener,3,1,1,0,1,1
org.jfree.chart.ChartColor,1,2,1,0,3,2
org.jfree.chart.ChartElement,n/a,n/a,n/a,n/a,1,n/a
org.jfree.chart.ChartElementVisitor,n/a,n/a,n/a,n/a,1,n/a
org.jfree.chart.ChartFactory,121,1,1,0,176,131
org.jfree.chart.ChartHints,3,1,0,0,2,1
org.jfree.chart.ChartHints.Key,1,2,1,0,5,5
org.jfree.chart.ChartRenderingInfo,41,1,1,0,28,21
org.jfree.chart.ChartRenderingInfoTest,7,1,4,0,26,4
org.jfree.chart.ChartTheme,n/a,n/a,n/a,n/a,1,n/a
org.jfree.chart.ChartTransferable,2,1,1,0,18,13
org.jfree.chart.ChartUtils,14,1,9,0,58,32
org.jfree.chart.Drawable,n/a,n/a,n/a,n/a,1,n/a
org.jfree.chart.GanttChartTest,14,1,1,0,38,9
org.jfree.chart.GanttChartTest.LocalListener,3,1,1,0,1,1
org.jfree.chart.JFreeChart,120,1,1,0,194,157
org.jfree.chart.JFreeChartTest,19,1,10,0,70,14
org.jfree.chart.LegendItemCollectionTest,4,1,2,0,20,3
org.jfree.chart.LegendItemTest,5,1,2,0,30,4
org.jfree.chart.LineChartTest,13,1,1,0,30,6
org.jfree.chart.LineChartTest.LocalListener,3,1,1,0,1,1
org.jfree.chart.MeterChartTest,5,1,1,0,12,1
org.jfree.chart.PieChartTest,5,1,1,0,12,3
org.jfree.chart.PieChartTest.LocalListener,3,1,1,0,1,1
org.jfree.chart.ScatterPlotTest,12,1,1,0,29,5
org.jfree.chart.ScatterPlotTest.LocalListener,3,1,1,0,1,1
org.jfree.chart.StackedAreaChartTest,14,1,1,0,31,6
org.jfree.chart.StackedAreaChartTest.LocalListener,3,1,1,0,1,1
org.jfree.chart.StackedBarChartTest,13,1,1,0,31,6
org.jfree.chart.StackedBarChartTest.LocalListener,3,1,1,0,1,1
org.jfree.chart.StandardChartTheme,57,1,4,1,238,200
org.jfree.chart.StandardChartThemeTest,7,1,3,0,47,3
org.jfree.chart.TestUtils,301,1,3,0,46,5
org.jfree.chart.TimeSeriesChartTest,12,1,1,0,29,5
org.jfree.chart.TimeSeriesChartTest.LocalListener,3,1,1,0,1,1
org.jfree.chart.WaterfallChartTest,11,1,1,0,22,5
org.jfree.chart.XYAreaChartTest,12,1,1,0,29,5
org.jfree.chart.XYAreaChartTest.LocalListener,3,1,1,0,1,1
org.jfree.chart.XYBarChartTest,14,1,1,0,30,5
org.jfree.chart.XYBarChartTest.LocalListener,3,1,1,0,1,1
org.jfree.chart.XYLineChartTest,12,1,1,0,29,5
org.jfree.chart.XYLineChartTest.LocalListener,3,1,1,0,1,1
org.jfree.chart.XYStepAreaChartTest,12,1,1,0,29,5
org.jfree.chart.XYStepAreaChartTest.LocalListener,3,1,1,0,1,1
org.jfree.chart.XYStepChartTest,13,1,1,0,29,5
org.jfree.chart.XYStepChartTest.LocalListener,3,1,1,0,1,1
org.jfree.chart.annotations.AbstractAnnotation,20,1,1,3,22,15
org.jfree.chart.annotations.AbstractXYAnnotation,18,2,4,9,16,16
org.jfree.chart.annotations.Annotation,n/a,n/a,n/a,n/a,2,n/a
org.jfree.chart.annotations.CategoryAnnotation,n/a,n/a,n/a,n/a,1,n/a
org.jfree.chart.annotations.CategoryLineAnnotation,19,2,1,0,50,29
org.jfree.chart.annotations.CategoryLineAnnotationTest,3,1,2,0,25,6
org.jfree.chart.annotations.CategoryPointerAnnotation,18,4,1,0,69,35
org.jfree.chart.annotations.CategoryPointerAnnotationTest,4,1,1,0,27,5
org.jfree.chart.annotations.CategoryTextAnnotation,21,3,1,1,41,19
org.jfree.chart.annotations.CategoryTextAnnotationTest,4,1,5,0,19,5
org.jfree.chart.annotations.TextAnnotation,9,2,6,1,32,25
org.jfree.chart.annotations.TextAnnotationTest,6,1,4,0,21,5
org.jfree.chart.annotations.XYAnnotation,n/a,n/a,n/a,n/a,1,n/a
org.jfree.chart.annotations.XYAnnotationBoundsInfo,n/a,n/a,n/a,n/a,3,n/a
org.jfree.chart.annotations.XYBoxAnnotation,13,3,1,0,44,30
org.jfree.chart.annotations.XYBoxAnnotationTest,10,1,1,0,32,7
org.jfree.chart.annotations.XYDataImageAnnotation,13,3,2,0,38,28
org.jfree.chart.annotations.XYDrawableAnnotation,12,3,1,0,33,21
org.jfree.chart.annotations.XYDrawableAnnotationTest,4,1,5,0,18,5
org.jfree.chart.annotations.XYDrawableAnnotationTest.TestDrawable,2,1,1,0,5,6
org.jfree.chart.annotations.XYImageAnnotation,12,3,1,0,39,22
org.jfree.chart.annotations.XYImageAnnotationTest,0,1,0,0,0,0
org.jfree.chart.annotations.XYLineAnnotation,15,3,1,0,44,27
org.jfree.chart.annotations.XYLineAnnotationTest,3,1,1,0,28,7
org.jfree.chart.annotations.XYPointerAnnotation,15,4,1,0,77,37
org.jfree.chart.annotations.XYPointerAnnotationTest,4,1,1,0,27,5
org.jfree.chart.annotations.XYPolygonAnnotation,15,3,1,0,49,29
org.jfree.chart.annotations.XYPolygonAnnotationTest,3,1,1,0,18,5
org.jfree.chart.annotations.XYShapeAnnotation,14,3,1,0,48,21
org.jfree.chart.annotations.XYShapeAnnotationTest,3,1,1,0,19,5
org.jfree.chart.annotations.XYTextAnnotation,23,3,1,1,71,49
org.jfree.chart.annotations.XYTextAnnotationTest,4,1,4,0,29,5
org.jfree.chart.annotations.XYTitleAnnotation,25,3,1,0,56,36
org.jfree.chart.annotations.XYTitleAnnotationTest,10,1,5,0,27,5
org.jfree.chart.api.HorizontalAlignment,12,n/a,2,n/a,2,0
org.jfree.chart.api.Layer,8,n/a,2,n/a,2,0
org.jfree.chart.api.LengthAdjustmentType,8,n/a,2,n/a,2,0
org.jfree.chart.api.PublicCloneable,n/a,n/a,n/a,n/a,1,n/a
org.jfree.chart.api.RectangleAlignment,6,n/a,3,n/a,14,14
org.jfree.chart.api.RectangleAlignmentTest,1,1,1,0,4,1
org.jfree.chart.api.RectangleAnchor,29,n/a,3,n/a,16,22
org.jfree.chart.api.RectangleEdge,100,n/a,3,n/a,10,14
org.jfree.chart.api.RectangleInsets,65,1,1,0,38,57
org.jfree.chart.api.Rotation,5,n/a,3,n/a,4,2
org.jfree.chart.api.SortOrder,9,n/a,2,n/a,2,0
org.jfree.chart.api.TableOrder,7,n/a,2,n/a,2,0
org.jfree.chart.api.UnitType,7,n/a,2,n/a,2,0
org.jfree.chart.api.VerticalAlignment,12,n/a,2,n/a,2,0
org.jfree.chart.api.XYCoordinateType,1,n/a,2,n/a,2,0
org.jfree.chart.axis.Axis,60,1,7,2,160,153
org.jfree.chart.axis.AxisCollection,5,1,1,0,9,11
org.jfree.chart.axis.AxisLabelLocation,2,n/a,2,n/a,2,0
org.jfree.chart.axis.AxisLocation,14,n/a,3,n/a,6,7
org.jfree.chart.axis.AxisLocationTest,2,1,1,0,8,3
org.jfree.chart.axis.AxisSpace,19,1,1,0,34,43
org.jfree.chart.axis.AxisSpaceTest,1,1,3,0,16,3
org.jfree.chart.axis.AxisState,24,1,3,0,16,18
org.jfree.chart.axis.AxisTest,5,1,2,0,45,4
org.jfree.chart.axis.CategoryAnchor,7,n/a,2,n/a,2,0
org.jfree.chart.axis.CategoryAnchorTest,2,1,1,0,9,3
org.jfree.chart.axis.CategoryAxis,76,2,4,2,169,134
org.jfree.chart.axis.CategoryAxisTest,3,1,3,0,27,5
org.jfree.chart.axis.CategoryLabelPosition,9,1,6,0,15,20
org.jfree.chart.axis.CategoryLabelPositionTest,6,1,3,0,10,3
org.jfree.chart.axis.CategoryLabelPositions,10,1,2,0,18,21
org.jfree.chart.axis.CategoryLabelPositionsTest,5,1,2,0,11,3
org.jfree.chart.axis.CategoryLabelWidthType,5,n/a,2,n/a,2,0
org.jfree.chart.axis.CategoryLabelWidthTypeTest,2,1,1,0,8,3
org.jfree.chart.axis.CategoryTick,6,2,3,0,12,11
org.jfree.chart.axis.CategoryTickTest,7,1,1,0,17,4
org.jfree.chart.axis.CompassFormat,2,3,2,0,12,9
org.jfree.chart.axis.CyclicNumberAxis,23,4,3,0,105,120
org.jfree.chart.axis.CyclicNumberAxis.CycleBoundTick,3,4,0,0,2,1
org.jfree.chart.axis.CyclicNumberAxisTest,3,1,4,0,24,4
org.jfree.chart.axis.DateAxis,30,3,1,1,168,153
org.jfree.chart.axis.DateAxis.DefaultTimeline,2,1,7,0,9,11
org.jfree.chart.axis.DateAxisTest,21,1,8,0,111,25
org.jfree.chart.axis.DateAxisTest.MyDateAxis,3,4,1,0,4,2
org.jfree.chart.axis.DateTick,7,3,1,0,11,8
org.jfree.chart.axis.DateTickMarkPosition,3,n/a,2,n/a,2,0
org.jfree.chart.axis.DateTickMarkPositionTest,2,1,1,0,9,3
org.jfree.chart.axis.DateTickTest,5,1,1,0,16,4
org.jfree.chart.axis.DateTickUnit,7,2,4,0,35,32
org.jfree.chart.axis.DateTickUnitTest,3,1,1,0,8,3
org.jfree.chart.axis.DateTickUnitType,4,n/a,3,n/a,4,2
org.jfree.chart.axis.ExtendedCategoryAxis,11,3,1,0,35,20
org.jfree.chart.axis.ExtendedCategoryAxisTest,3,1,3,0,23,5
org.jfree.chart.axis.LogAxis,22,3,1,0,129,97
org.jfree.chart.axis.LogAxisTest,14,1,6,0,53,12
org.jfree.chart.axis.LogTick,5,3,1,0,3,2
org.jfree.chart.axis.LogarithmicAxis,13,4,1,1,70,114
org.jfree.chart.axis.LogarithmicAxisTest,5,1,2,0,38,10
org.jfree.chart.axis.LogarithmicAxisTest.MyLogarithmicAxis,2,5,1,0,4,2
org.jfree.chart.axis.MarkerAxisBand,8,1,1,0,43,18
org.jfree.chart.axis.MarkerAxisBandTest,2,1,2,0,10,3
org.jfree.chart.axis.ModuloAxis,7,4,1,0,38,40
org.jfree.chart.axis.ModuloAxisTest,4,1,4,0,16,4
org.jfree.chart.axis.MonthDateFormat,2,3,2,0,28,19
org.jfree.chart.axis.MonthDateFormatTest,2,1,4,0,17,4
org.jfree.chart.axis.NumberAxis,76,3,9,4,123,112
org.jfree.chart.axis.NumberAxisTest,16,1,5,0,55,12
org.jfree.chart.axis.NumberTick,11,3,1,1,6,3
org.jfree.chart.axis.NumberTickUnit,17,2,1,0,17,12
org.jfree.chart.axis.NumberTickUnitSource,5,1,1,0,24,39
org.jfree.chart.axis.NumberTickUnitTest,2,1,4,0,12,4
org.jfree.chart.axis.PeriodAxis,24,3,1,0,155,115
org.jfree.chart.axis.PeriodAxisLabelInfo,8,1,8,0,36,26
org.jfree.chart.axis.PeriodAxisLabelInfoTest,6,1,5,0,25,5
org.jfree.chart.axis.PeriodAxisTest,15,1,7,0,58,8
org.jfree.chart.axis.QuarterDateFormat,2,3,2,0,17,12
org.jfree.chart.axis.QuarterDateFormatTest,2,1,4,0,16,4
org.jfree.chart.axis.StandardTickUnitSource,4,1,1,0,13,7
org.jfree.chart.axis.StandardTickUnitSourceTest,2,1,2,0,5,2
org.jfree.chart.axis.SubCategoryAxis,17,3,1,0,69,40
org.jfree.chart.axis.SubCategoryAxisTest,7,1,5,0,28,5
org.jfree.chart.axis.SymbolAxis,20,4,2,0,87,69
org.jfree.chart.axis.SymbolAxisTest,3,1,3,0,14,3
org.jfree.chart.axis.Tick,15,1,4,2,11,14
org.jfree.chart.axis.TickType,12,n/a,2,n/a,2,0
org.jfree.chart.axis.TickUnit,15,1,3,2,10,16
org.jfree.chart.axis.TickUnitSource,n/a,n/a,n/a,n/a,3,n/a
org.jfree.chart.axis.TickUnits,5,1,1,0,22,14
org.jfree.chart.axis.TickUnitsTest,4,1,3,0,13,3
org.jfree.chart.axis.Timeline,n/a,n/a,n/a,n/a,7,n/a
org.jfree.chart.axis.ValueAxis,137,2,7,4,163,163
org.jfree.chart.axis.ValueAxisTest,16,1,4,0,55,4
org.jfree.chart.axis.ValueTick,15,2,2,3,8,9
org.jfree.chart.block.AbstractBlock,30,1,3,6,77,55
org.jfree.chart.block.AbstractBlockTest,5,1,3,0,24,3
org.jfree.chart.block.Arrangement,n/a,n/a,n/a,n/a,3,n/a
org.jfree.chart.block.Block,n/a,n/a,n/a,n/a,7,n/a
org.jfree.chart.block.BlockBorder,9,1,1,0,31,19
org.jfree.chart.block.BlockBorderTest,4,1,2,0,12,3
org.jfree.chart.block.BlockContainer,25,2,1,1,48,26
org.jfree.chart.block.BlockContainerTest,6,1,3,0,17,3
org.jfree.chart.block.BlockFrame,n/a,n/a,n/a,n/a,2,n/a
org.jfree.chart.block.BlockParams,3,1,3,0,7,7
org.jfree.chart.block.BlockResult,7,1,1,0,3,3
org.jfree.chart.block.BorderArrangement,12,1,1,0,40,71
org.jfree.chart.block.BorderArrangementTest,11,1,3,0,27,6
org.jfree.chart.block.CenterArrangement,8,1,3,0,33,31
org.jfree.chart.block.ColorBlock,8,2,2,0,31,12
org.jfree.chart.block.ColorBlockTest,3,1,1,0,17,3
org.jfree.chart.block.ColumnArrangement,12,1,3,0,38,42
org.jfree.chart.block.ColumnArrangementTest,4,1,2,0,9,3
org.jfree.chart.block.EmptyBlock,10,2,2,0,16,5
org.jfree.chart.block.EmptyBlockTest,3,1,3,0,13,3
org.jfree.chart.block.EntityBlockParams,n/a,n/a,n/a,n/a,1,n/a
org.jfree.chart.block.EntityBlockResult,n/a,n/a,n/a,n/a,1,n/a
org.jfree.chart.block.FlowArrangement,12,1,3,0,40,46
org.jfree.chart.block.FlowArrangementTest,4,1,2,0,9,3
org.jfree.chart.block.GridArrangement,8,1,3,0,38,51
org.jfree.chart.block.GridArrangementTest,9,1,4,0,41,19
org.jfree.chart.block.LabelBlock,19,2,1,0,59,34
org.jfree.chart.block.LabelBlockTest,5,1,1,0,17,3
org.jfree.chart.block.LengthConstraintType,14,n/a,2,n/a,2,0
org.jfree.chart.block.LineBorder,6,1,1,0,36,19
org.jfree.chart.block.LineBorderTest,3,1,2,0,12,3
org.jfree.chart.block.RectangleConstraint,28,1,1,0,24,33
org.jfree.chart.block.RectangleConstraintTest,4,1,1,0,6,1
org.jfree.chart.block.Size2D,33,1,2,0,12,14
org.jfree.chart.date.MonthConstants,n/a,n/a,n/a,n/a,0,n/a
org.jfree.chart.date.SerialDate,8,1,16,1,65,78
org.jfree.chart.date.SpreadsheetDate,2,2,3,0,30,34
org.jfree.chart.encoders.EncoderUtil,3,1,8,0,14,8
org.jfree.chart.encoders.ImageEncoder,n/a,n/a,n/a,n/a,6,n/a
org.jfree.chart.encoders.ImageEncoderFactory,2,1,1,0,17,8
org.jfree.chart.encoders.ImageFormat,n/a,n/a,n/a,n/a,0,n/a
org.jfree.chart.encoders.SunJPEGEncoderAdapter,2,1,3,0,23,8
org.jfree.chart.encoders.SunPNGEncoderAdapter,3,1,5,0,10,6
org.jfree.chart.entity.AxisEntity,5,2,1,0,28,16
org.jfree.chart.entity.CategoryItemEntity,6,2,3,0,14,14
org.jfree.chart.entity.CategoryItemEntityTest,5,1,3,0,17,3
org.jfree.chart.entity.CategoryLabelEntity,5,3,1,0,16,8
org.jfree.chart.entity.CategoryLabelEntityTest,4,1,3,0,15,3
org.jfree.chart.entity.ChartEntity,36,1,1,12,45,37
org.jfree.chart.entity.EntityCollection,n/a,n/a,n/a,n/a,8,n/a
org.jfree.chart.entity.FlowEntity,5,2,1,0,10,7
org.jfree.chart.entity.FlowEntityTest,4,1,3,0,13,3
org.jfree.chart.entity.JFreeChartEntity,5,2,1,0,28,16
org.jfree.chart.entity.LegendItemEntity,4,2,2,0,12,13
org.jfree.chart.entity.LegendItemEntityTest,5,1,3,0,18,3
org.jfree.chart.entity.NodeEntity,4,2,1,0,7,4
org.jfree.chart.entity.PieSectionEntity,7,2,4,0,18,18
org.jfree.chart.entity.PieSectionEntityTest,5,1,3,0,20,3
org.jfree.chart.entity.PlotEntity,5,2,1,0,28,16
org.jfree.chart.entity.StandardEntityCollection,13,1,1,0,29,17
org.jfree.chart.entity.StandardEntityCollectionTest,5,1,3,0,16,3
org.jfree.chart.entity.TickLabelEntity,3,2,0,1,2,1
org.jfree.chart.entity.TickLabelEntityTest,4,1,3,0,15,3
org.jfree.chart.entity.TitleEntity,7,2,1,0,28,16
org.jfree.chart.entity.XYAnnotationEntity,2,2,1,0,6,8
org.jfree.chart.entity.XYItemEntity,9,2,3,0,11,13
org.jfree.chart.entity.XYItemEntityTest,5,1,3,0,18,3
org.jfree.chart.event.AnnotationChangeEvent,10,3,1,0,4,2
org.jfree.chart.event.AnnotationChangeListener,n/a,n/a,n/a,n/a,1,n/a
org.jfree.chart.event.AxisChangeEvent,10,3,1,0,3,2
org.jfree.chart.event.AxisChangeListener,n/a,n/a,n/a,n/a,1,n/a
org.jfree.chart.event.ChartChangeEvent,35,2,2,7,9,7
org.jfree.chart.event.ChartChangeEventType,4,n/a,2,n/a,2,0
org.jfree.chart.event.ChartChangeListener,n/a,n/a,n/a,n/a,1,n/a
org.jfree.chart.event.ChartProgressEvent,5,2,3,0,9,7
org.jfree.chart.event.ChartProgressEventType,2,n/a,2,n/a,2,0
org.jfree.chart.event.ChartProgressListener,n/a,n/a,n/a,n/a,1,n/a
org.jfree.chart.event.MarkerChangeEvent,11,3,1,0,3,2
org.jfree.chart.event.MarkerChangeListener,n/a,n/a,n/a,n/a,1,n/a
org.jfree.chart.event.PlotChangeEvent,14,3,1,0,3,2
org.jfree.chart.event.PlotChangeListener,n/a,n/a,n/a,n/a,1,n/a
org.jfree.chart.event.RendererChangeEvent,12,3,2,0,5,4
org.jfree.chart.event.RendererChangeListener,n/a,n/a,n/a,n/a,1,n/a
org.jfree.chart.event.TitleChangeEvent,9,3,1,0,3,2
org.jfree.chart.event.TitleChangeListener,n/a,n/a,n/a,n/a,1,n/a
org.jfree.chart.imagemap.DynamicDriveToolTipTagFragmentGenerator,2,1,1,0,5,3
org.jfree.chart.imagemap.DynamicDriveToolTipTagFragmentGeneratorTest,1,1,1,0,4,1
org.jfree.chart.imagemap.ImageMapUtils,13,1,2,0,25,23
org.jfree.chart.imagemap.ImageMapUtilsTest,8,1,5,0,19,5
org.jfree.chart.imagemap.OverLIBToolTipTagFragmentGenerator,5,1,1,0,4,2
org.jfree.chart.imagemap.OverLIBToolTipTagFragmentGeneratorTest,1,1,1,0,4,1
org.jfree.chart.imagemap.StandardToolTipTagFragmentGenerator,5,1,1,0,4,2
org.jfree.chart.imagemap.StandardToolTipTagFragmentGeneratorTest,1,1,1,0,4,1
org.jfree.chart.imagemap.StandardURLTagFragmentGenerator,5,1,1,0,3,2
org.jfree.chart.imagemap.StandardURLTagFragmentGeneratorTest,1,1,1,0,4,1
org.jfree.chart.imagemap.ToolTipTagFragmentGenerator,n/a,n/a,n/a,n/a,1,n/a
org.jfree.chart.imagemap.URLTagFragmentGenerator,n/a,n/a,n/a,n/a,1,n/a
org.jfree.chart.internal.Args,239,1,5,0,7,10
org.jfree.chart.internal.ArgsTest,1,1,1,0,3,1
org.jfree.chart.internal.ArrayUtils,3,1,1,0,11,31
org.jfree.chart.internal.CloneUtils,244,1,1,0,19,13
org.jfree.chart.internal.CloneUtilsTest,1,1,2,0,11,2
org.jfree.chart.internal.HashUtils,55,1,2,0,19,19
org.jfree.chart.internal.HashUtilsTest,1,1,1,0,4,1
org.jfree.chart.internal.LineUtils,6,1,2,0,15,15
org.jfree.chart.internal.LineUtilsTest,1,1,1,0,15,7
org.jfree.chart.internal.PaintUtils,69,1,3,0,45,20
org.jfree.chart.internal.SerialUtils,96,1,10,0,99,71
org.jfree.chart.internal.SerialUtilsTest,4,1,2,0,14,2
org.jfree.chart.internal.SerialUtilsTest.ObjectWithMapOfPaint,2,1,1,0,8,4
org.jfree.chart.internal.SerialUtilsTest.ObjectWithMapOfStroke,2,1,1,0,8,4
org.jfree.chart.internal.ShapeUtils,31,1,16,0,72,46
org.jfree.chart.internal.ShapeUtilsTest,2,1,5,0,22,5
org.jfree.chart.labels.AbstractCategoryItemLabelGenerator,13,1,3,2,31,24
org.jfree.chart.labels.AbstractPieItemLabelGenerator,9,1,1,2,23,20
org.jfree.chart.labels.AbstractXYItemLabelGenerator,12,1,1,5,36,31
org.jfree.chart.labels.BoxAndWhiskerToolTipGenerator,10,3,1,0,17,7
org.jfree.chart.labels.BoxAndWhiskerToolTipGeneratorTest,5,1,5,0,18,5
org.jfree.chart.labels.BoxAndWhiskerXYToolTipGenerator,8,3,1,0,24,8
org.jfree.chart.labels.BoxAndWhiskerXYToolTipGeneratorTest,4,1,5,0,19,5
org.jfree.chart.labels.BubbleXYItemLabelGenerator,9,2,1,0,31,19
org.jfree.chart.labels.BubbleXYItemLabelGeneratorTest,6,1,6,0,25,6
org.jfree.chart.labels.CategoryItemLabelGenerator,n/a,n/a,n/a,n/a,3,n/a
org.jfree.chart.labels.CategorySeriesLabelGenerator,n/a,n/a,n/a,n/a,1,n/a
org.jfree.chart.labels.CategoryToolTipGenerator,n/a,n/a,n/a,n/a,1,n/a
org.jfree.chart.labels.CrosshairLabelGenerator,n/a,n/a,n/a,n/a,1,n/a
org.jfree.chart.labels.CustomXYItemLabelGeneratorTest,4,1,3,0,14,3
org.jfree.chart.labels.CustomXYToolTipGenerator,4,1,1,0,16,18
org.jfree.chart.labels.FlowLabelGenerator,n/a,n/a,n/a,n/a,1,n/a
org.jfree.chart.labels.HighLowItemLabelGenerator,10,1,2,0,31,21
org.jfree.chart.labels.HighLowItemLabelGeneratorTest,4,1,5,0,20,5
org.jfree.chart.labels.IntervalCategoryItemLabelGenerator,10,3,1,0,16,9
org.jfree.chart.labels.IntervalCategoryItemLabelGeneratorTest,5,1,5,0,21,5
org.jfree.chart.labels.IntervalCategoryToolTipGenerator,8,3,1,0,20,13
org.jfree.chart.labels.IntervalCategoryToolTipGeneratorTest,5,1,6,0,24,6
org.jfree.chart.labels.IntervalXYItemLabelGenerator,7,2,2,0,39,21
org.jfree.chart.labels.IntervalXYToolTipGenerator,6,2,2,0,39,21
org.jfree.chart.labels.ItemLabelAnchor,10,n/a,2,n/a,2,0
org.jfree.chart.labels.ItemLabelAnchorTest,2,1,1,0,6,2
org.jfree.chart.labels.ItemLabelPosition,18,1,4,0,13,15
org.jfree.chart.labels.ItemLabelPositionTest,2,1,2,0,5,2
org.jfree.chart.labels.MultipleXYSeriesLabelGenerator,7,1,1,0,30,19
org.jfree.chart.labels.MultipleXYSeriesLabelGeneratorTest,4,1,5,0,18,5
org.jfree.chart.labels.PieSectionLabelGenerator,n/a,n/a,n/a,n/a,2,n/a
org.jfree.chart.labels.PieToolTipGenerator,n/a,n/a,n/a,n/a,1,n/a
org.jfree.chart.labels.StandardCategoryItemLabelGenerator,12,2,1,1,13,9
org.jfree.chart.labels.StandardCategoryItemLabelGeneratorTest,6,1,7,0,30,7
org.jfree.chart.labels.StandardCategorySeriesLabelGenerator,9,1,1,0,14,10
org.jfree.chart.labels.StandardCategorySeriesLabelGeneratorTest,5,1,6,0,22,6
org.jfree.chart.labels.StandardCategoryToolTipGenerator,21,2,1,2,11,8
org.jfree.chart.labels.StandardCategoryToolTipGeneratorTest,5,1,6,0,23,6
org.jfree.chart.labels.StandardCrosshairLabelGenerator,4,1,1,0,16,11
org.jfree.chart.labels.StandardFlowLabelGenerator,7,1,1,0,16,7
org.jfree.chart.labels.StandardFlowLabelGeneratorTest,2,1,2,0,5,2
org.jfree.chart.labels.StandardPieSectionLabelGenerator,9,2,2,0,28,15
org.jfree.chart.labels.StandardPieSectionLabelGeneratorTest,4,1,5,0,21,5
org.jfree.chart.labels.StandardPieToolTipGenerator,7,2,1,0,13,7
org.jfree.chart.labels.StandardPieToolTipGeneratorTest,5,1,5,0,21,5
org.jfree.chart.labels.StandardXYItemLabelGenerator,7,2,1,0,19,12
org.jfree.chart.labels.StandardXYItemLabelGeneratorTest,5,1,5,0,27,5
org.jfree.chart.labels.StandardXYSeriesLabelGenerator,10,1,1,0,14,10
org.jfree.chart.labels.StandardXYSeriesLabelGeneratorTest,6,1,6,0,22,6
org.jfree.chart.labels.StandardXYToolTipGenerator,19,2,2,2,20,12
org.jfree.chart.labels.StandardXYToolTipGeneratorTest,4,1,5,0,20,5
org.jfree.chart.labels.StandardXYZToolTipGenerator,9,3,1,0,30,18
org.jfree.chart.labels.StandardXYZToolTipGeneratorTest,4,1,5,0,20,5
org.jfree.chart.labels.SymbolicXYItemLabelGenerator,11,1,2,0,18,12
org.jfree.chart.labels.SymbolicXYItemLabelGeneratorTest,4,1,5,0,14,5
org.jfree.chart.labels.XYItemLabelGenerator,n/a,n/a,n/a,n/a,1,n/a
org.jfree.chart.labels.XYSeriesLabelGenerator,n/a,n/a,n/a,n/a,1,n/a
org.jfree.chart.labels.XYToolTipGenerator,n/a,n/a,n/a,n/a,1,n/a
org.jfree.chart.labels.XYZToolTipGenerator,n/a,n/a,n/a,n/a,1,n/a
org.jfree.chart.legend.LegendGraphic,16,2,1,0,87,77
org.jfree.chart.legend.LegendGraphicTest,6,1,1,0,40,5
org.jfree.chart.legend.LegendItem,62,1,24,0,89,87
org.jfree.chart.legend.LegendItemBlockContainer,10,3,2,0,22,11
org.jfree.chart.legend.LegendItemCollection,30,1,1,0,19,12
org.jfree.chart.legend.LegendItemSource,n/a,n/a,n/a,n/a,1,n/a
org.jfree.chart.legend.LegendRenderingOrder,0,n/a,2,n/a,2,0
org.jfree.chart.legend.LegendTitle,38,3,2,0,124,64
org.jfree.chart.legend.LegendTitleTest,9,1,3,0,27,4
org.jfree.chart.legend.PaintScaleLegend,25,3,1,0,101,70
org.jfree.chart.legend.PaintScaleLegendTest,8,1,4,0,30,4
org.jfree.chart.plot.CategoryCrosshairState,5,2,1,0,15,13
org.jfree.chart.plot.CategoryMarker,10,2,2,0,18,15
org.jfree.chart.plot.CategoryMarkerTest,6,1,2,0,27,6
org.jfree.chart.plot.CategoryPlot,113,2,13,2,451,597
org.jfree.chart.plot.CategoryPlotTest,40,1,26,0,186,37
org.jfree.chart.plot.CenterTextMode,2,n/a,2,n/a,2,0
org.jfree.chart.plot.CombinedDomainCategoryPlot,21,3,3,0,117,72
org.jfree.chart.plot.CombinedDomainCategoryPlotTest,16,1,2,0,51,9
org.jfree.chart.plot.CombinedDomainXYPlot,25,3,3,0,122,86
org.jfree.chart.plot.CombinedDomainXYPlotTest,16,1,3,0,58,10
org.jfree.chart.plot.CombinedRangeCategoryPlot,22,3,2,0,102,62
org.jfree.chart.plot.CombinedRangeCategoryPlotTest,15,1,2,0,49,9
org.jfree.chart.plot.CombinedRangeXYPlot,23,3,3,0,118,79
org.jfree.chart.plot.CombinedRangeXYPlotTest,16,1,2,0,55,9
org.jfree.chart.plot.Crosshair,11,1,1,0,67,57
org.jfree.chart.plot.CrosshairState,35,1,1,2,22,27
org.jfree.chart.plot.CrosshairTest,5,1,3,0,37,5
org.jfree.chart.plot.DatasetRenderingOrder,3,n/a,2,n/a,2,0
org.jfree.chart.plot.DefaultDrawingSupplier,12,1,2,0,35,44
org.jfree.chart.plot.DefaultDrawingSupplierTest,3,1,3,0,19,3
org.jfree.chart.plot.DialShape,2,n/a,2,n/a,2,0
org.jfree.chart.plot.DrawingSupplier,n/a,n/a,n/a,n/a,6,n/a
org.jfree.chart.plot.FastScatterPlot,25,2,5,0,119,98
org.jfree.chart.plot.FastScatterPlotTest,7,1,4,0,32,7
org.jfree.chart.plot.IntervalMarker,10,2,3,0,19,17
org.jfree.chart.plot.IntervalMarkerTest,9,1,4,0,23,6
org.jfree.chart.plot.Marker,27,1,2,3,63,57
org.jfree.chart.plot.MarkerTest,11,1,3,0,65,15
org.jfree.chart.plot.MeterInterval,8,1,5,0,22,17
org.jfree.chart.plot.MeterIntervalTest,3,1,3,0,11,3
org.jfree.chart.plot.MeterPlot,21,2,3,0,142,117
org.jfree.chart.plot.MeterPlotTest,7,1,3,0,41,4
org.jfree.chart.plot.MyPlotChangeListener,4,1,1,0,4,4
org.jfree.chart.plot.Pannable,n/a,n/a,n/a,n/a,5,n/a
org.jfree.chart.plot.Plot,102,1,8,13,136,154
org.jfree.chart.plot.PlotOrientation,102,n/a,4,n/a,5,2
org.jfree.chart.plot.PlotOrientationTest,2,1,1,0,6,2
org.jfree.chart.plot.PlotRenderingInfo,103,1,3,0,32,25
org.jfree.chart.plot.PlotRenderingInfoTest,4,1,3,0,21,3
org.jfree.chart.plot.PlotState,20,1,1,0,3,2
org.jfree.chart.plot.PlotTest,5,1,1,0,23,1
org.jfree.chart.plot.PolarAxisLocation,1,n/a,2,n/a,2,0
org.jfree.chart.plot.PolarPlot,44,2,13,0,218,221
org.jfree.chart.plot.PolarPlotTest,14,1,7,0,66,8
org.jfree.chart.plot.RingPlot,25,3,2,0,111,62
org.jfree.chart.plot.RingPlotTest,4,1,1,0,26,3
org.jfree.chart.plot.SeriesRenderingOrder,1,n/a,2,n/a,2,0
org.jfree.chart.plot.SpiderWebPlot,29,2,2,0,177,127
org.jfree.chart.plot.SpiderWebPlotTest,12,1,3,0,62,5
org.jfree.chart.plot.ThermometerPlot,27,2,10,0,161,153
org.jfree.chart.plot.ThermometerPlotTest,4,1,3,0,32,4
org.jfree.chart.plot.ValueAxisPlot,n/a,n/a,n/a,n/a,1,n/a
org.jfree.chart.plot.ValueMarker,9,2,1,0,11,10
org.jfree.chart.plot.ValueMarkerTest,10,1,4,0,43,7
org.jfree.chart.plot.WaferMapPlot,15,2,4,0,52,33
org.jfree.chart.plot.XYCrosshairState,1,2,0,0,1,1
org.jfree.chart.plot.XYPlot,130,2,6,2,462,645
org.jfree.chart.plot.XYPlotTest,41,1,33,0,196,47
org.jfree.chart.plot.Zoomable,n/a,n/a,n/a,n/a,9,n/a
org.jfree.chart.plot.compass.ArrowNeedle,5,2,1,1,26,12
org.jfree.chart.plot.compass.ArrowNeedleTest,3,1,3,0,11,3
org.jfree.chart.plot.compass.CompassPlot,25,2,6,0,99,87
org.jfree.chart.plot.compass.CompassPlotTest,4,1,2,0,21,3
org.jfree.chart.plot.compass.LineNeedle,4,2,1,0,19,7
org.jfree.chart.plot.compass.LineNeedleTest,3,1,3,0,9,3
org.jfree.chart.plot.compass.LongNeedle,3,2,1,0,33,12
org.jfree.chart.plot.compass.LongNeedleTest,3,1,3,0,10,3
org.jfree.chart.plot.compass.MeterNeedle,14,1,5,8,53,40
org.jfree.chart.plot.compass.MeterNeedleTest,2,1,1,0,12,1
org.jfree.chart.plot.compass.MiddlePinNeedle,3,2,1,0,24,9
org.jfree.chart.plot.compass.MiddlePinNeedleTest,3,1,3,0,9,3
org.jfree.chart.plot.compass.PinNeedle,3,2,1,0,24,9
org.jfree.chart.plot.compass.PinNeedleTest,3,1,3,0,9,3
org.jfree.chart.plot.compass.PlumNeedle,3,2,1,0,24,8
org.jfree.chart.plot.compass.PlumNeedleTest,3,1,3,0,9,3
org.jfree.chart.plot.compass.PointerNeedle,3,2,1,0,30,11
org.jfree.chart.plot.compass.PointerNeedleTest,3,1,3,0,9,3
org.jfree.chart.plot.compass.ShipNeedle,3,2,1,0,23,8
org.jfree.chart.plot.compass.ShipNeedleTest,3,1,3,0,9,3
org.jfree.chart.plot.compass.WindNeedle,4,3,1,0,15,8
org.jfree.chart.plot.compass.WindNeedleTest,3,1,3,0,10,3
org.jfree.chart.plot.dial.AbstractDialLayer,27,1,1,9,22,15
org.jfree.chart.plot.dial.AbstractDialLayerTest,5,1,3,0,17,3
org.jfree.chart.plot.dial.ArcDialFrame,11,2,3,0,59,36
org.jfree.chart.plot.dial.ArcDialFrameTest,5,1,4,0,29,4
org.jfree.chart.plot.dial.DialBackground,13,2,2,0,30,18
org.jfree.chart.plot.dial.DialBackgroundTest,7,1,1,0,26,4
org.jfree.chart.plot.dial.DialCap,12,2,2,0,43,23
org.jfree.chart.plot.dial.DialCapTest,5,1,2,0,27,4
org.jfree.chart.plot.dial.DialFrame,n/a,n/a,n/a,n/a,1,n/a
org.jfree.chart.plot.dial.DialLayer,n/a,n/a,n/a,n/a,6,n/a
org.jfree.chart.plot.dial.DialLayerChangeEvent,17,3,1,0,3,2
org.jfree.chart.plot.dial.DialLayerChangeListener,n/a,n/a,n/a,n/a,1,n/a
org.jfree.chart.plot.dial.DialPlot,27,2,6,0,91,80
org.jfree.chart.plot.dial.DialPlotTest,11,1,4,0,41,10
org.jfree.chart.plot.dial.DialPointer,9,2,3,2,15,14
org.jfree.chart.plot.dial.DialPointer.Pin,10,3,1,0,42,15
org.jfree.chart.plot.dial.DialPointer.Pointer,10,3,1,0,48,18
org.jfree.chart.plot.dial.DialPointerTest,7,1,6,0,31,7
org.jfree.chart.plot.dial.DialScale,n/a,n/a,n/a,n/a,2,n/a
org.jfree.chart.plot.dial.DialTextAnnotation,12,2,2,0,48,29
org.jfree.chart.plot.dial.DialTextAnnotationTest,5,1,3,0,27,4
org.jfree.chart.plot.dial.DialValueIndicator,15,2,2,0,90,60
org.jfree.chart.plot.dial.DialValueIndicatorTest,8,1,4,0,37,4
org.jfree.chart.plot.dial.MyDialLayerChangeListener,12,1,1,0,2,2
org.jfree.chart.plot.dial.StandardDialFrame,11,2,2,0,47,24
org.jfree.chart.plot.dial.StandardDialFrameTest,5,1,4,0,26,4
org.jfree.chart.plot.dial.StandardDialRange,11,2,2,0,44,34
org.jfree.chart.plot.dial.StandardDialRangeTest,5,1,4,0,24,4
org.jfree.chart.plot.dial.StandardDialScale,12,2,2,0,82,81
org.jfree.chart.plot.dial.StandardDialScaleTest,5,1,3,0,42,6
org.jfree.chart.plot.flow.FlowPlot,22,2,2,0,120,88
org.jfree.chart.plot.flow.FlowPlotTest,8,1,2,0,41,15
org.jfree.chart.plot.pie.AbstractPieLabelDistributor,4,1,2,1,12,5
org.jfree.chart.plot.pie.MultiplePiePlot,33,2,2,0,106,61
org.jfree.chart.plot.pie.MultiplePiePlotTest,12,1,5,0,41,6
org.jfree.chart.plot.pie.PieLabelDistributor,3,2,1,0,24,26
org.jfree.chart.plot.pie.PieLabelLinkStyle,4,n/a,2,n/a,2,0
org.jfree.chart.plot.pie.PieLabelRecord,5,1,7,0,19,29
org.jfree.chart.plot.pie.PieLabelRecordTest,3,1,3,0,11,3
org.jfree.chart.plot.pie.PiePlot,50,2,2,1,320,293
org.jfree.chart.plot.pie.PiePlotState,4,2,10,0,22,21
org.jfree.chart.plot.pie.PiePlotTest,16,1,14,0,108,16
org.jfree.chart.plot.pie.PiePlotTest.NullLegendLabelGenerator,3,1,2,0,2,2
org.jfree.chart.renderer.AbstractRenderer,94,1,5,4,219,310
org.jfree.chart.renderer.AbstractRendererTest,16,1,3,0,109,14
org.jfree.chart.renderer.AbstractRendererTest.MyRendererChangeListener,3,1,1,0,2,2
org.jfree.chart.renderer.AbstractRendererTest.TestRenderer,3,4,1,0,2,1
org.jfree.chart.renderer.AreaRendererEndType,3,n/a,2,n/a,2,0
org.jfree.chart.renderer.AreaRendererEndTypeTest,2,1,1,0,5,2
org.jfree.chart.renderer.DefaultPolarItemRenderer,29,2,1,0,132,88
org.jfree.chart.renderer.DefaultPolarItemRendererTest,4,1,4,0,15,4
org.jfree.chart.renderer.GrayPaintScale,6,1,1,0,16,17
org.jfree.chart.renderer.GrayPaintScaleTest,3,1,5,0,21,5
org.jfree.chart.renderer.LookupPaintScale,12,1,1,0,28,28
org.jfree.chart.renderer.LookupPaintScale.PaintItem,3,1,1,0,10,11
org.jfree.chart.renderer.LookupPaintScaleTest,3,1,1,0,23,6
org.jfree.chart.renderer.NotOutlierException,0,3,0,0,2,1
org.jfree.chart.renderer.Outlier,5,1,1,0,15,17
org.jfree.chart.renderer.OutlierList,4,1,2,0,18,11
org.jfree.chart.renderer.OutlierListCollection,4,1,3,0,17,12
org.jfree.chart.renderer.OutlierTest,1,1,4,0,15,4
org.jfree.chart.renderer.PaintScale,n/a,n/a,n/a,n/a,3,n/a
org.jfree.chart.renderer.PolarItemRenderer,n/a,n/a,n/a,n/a,15,n/a
org.jfree.chart.renderer.RendererChangeDetector,4,1,1,0,4,4
org.jfree.chart.renderer.RendererState,32,1,2,3,7,7
org.jfree.chart.renderer.RendererUtils,5,1,1,0,10,32
org.jfree.chart.renderer.RendererUtilsTest,5,1,5,0,17,11
org.jfree.chart.renderer.WaferMapRenderer,8,2,1,0,46,45
org.jfree.chart.renderer.category.AbstractCategoryItemRenderer,79,2,10,8,204,163
org.jfree.chart.renderer.category.AbstractCategoryItemRendererTest,13,1,11,0,56,11
org.jfree.chart.renderer.category.AreaRenderer,22,3,2,1,67,30
org.jfree.chart.renderer.category.AreaRendererTest,13,1,6,0,35,6
org.jfree.chart.renderer.category.BarPainter,n/a,n/a,n/a,n/a,2,n/a
org.jfree.chart.renderer.category.BarRenderer,50,3,7,5,162,134
org.jfree.chart.renderer.category.BarRendererTest,20,1,7,0,67,9
org.jfree.chart.renderer.category.BoxAndWhiskerRenderer,27,3,3,0,137,101
org.jfree.chart.renderer.category.BoxAndWhiskerRendererTest,16,1,16,0,70,22
org.jfree.chart.renderer.category.CategoryItemRenderer,n/a,n/a,n/a,n/a,135,n/a
org.jfree.chart.renderer.category.CategoryItemRendererState,25,2,4,1,13,16
org.jfree.chart.renderer.category.CategoryStepRenderer,18,3,3,0,56,28
org.jfree.chart.renderer.category.CategoryStepRenderer.State,3,3,0,0,3,1
org.jfree.chart.renderer.category.CategoryStepRendererTest,10,1,5,0,28,5
org.jfree.chart.renderer.category.DefaultCategoryItemRenderer,3,4,0,0,0,0
org.jfree.chart.renderer.category.DefaultCategoryItemRendererTest,5,1,5,0,15,5
org.jfree.chart.renderer.category.GanttRenderer,23,5,2,0,68,55
org.jfree.chart.renderer.category.GanttRendererTest,4,1,3,0,22,5
org.jfree.chart.renderer.category.GradientBarPainter,9,1,1,0,34,31
org.jfree.chart.renderer.category.GradientBarPainterTest,3,1,4,0,11,4
org.jfree.chart.renderer.category.GroupedStackedBarRenderer,23,5,1,0,56,32
org.jfree.chart.renderer.category.GroupedStackedBarRendererTest,11,1,6,0,32,6
org.jfree.chart.renderer.category.IntervalBarRenderer,19,4,2,1,36,19
org.jfree.chart.renderer.category.IntervalBarRendererTest,13,1,7,0,32,7
org.jfree.chart.renderer.category.LayeredBarRenderer,17,4,2,0,67,55
org.jfree.chart.renderer.category.LayeredBarRendererTest,11,1,6,0,29,6
org.jfree.chart.renderer.category.LevelRenderer,18,3,1,0,69,35
org.jfree.chart.renderer.category.LevelRendererTest,11,1,7,0,36,8
org.jfree.chart.renderer.category.LineAndShapeRenderer,27,3,2,2,100,80
org.jfree.chart.renderer.category.LineAndShapeRendererTest,13,1,7,0,48,20
org.jfree.chart.renderer.category.MinMaxCategoryRenderer,16,3,2,0,54,47
org.jfree.chart.renderer.category.MinMaxCategoryRendererTest,10,1,6,0,31,6
org.jfree.chart.renderer.category.ScatterRenderer,17,3,2,0,84,53
org.jfree.chart.renderer.category.ScatterRendererTest,8,1,6,0,33,11
org.jfree.chart.renderer.category.StackedAreaRenderer,18,4,2,0,46,40
org.jfree.chart.renderer.category.StackedAreaRendererTest,7,1,6,0,25,6
org.jfree.chart.renderer.category.StackedBarRenderer,25,4,2,1,57,37
org.jfree.chart.renderer.category.StackedBarRendererTest,7,1,6,0,25,6
org.jfree.chart.renderer.category.StandardBarPainter,8,1,2,0,25,21
org.jfree.chart.renderer.category.StandardBarPainterTest,3,1,4,0,10,4
org.jfree.chart.renderer.category.StatisticalBarRenderer,22,4,2,0,56,54
org.jfree.chart.renderer.category.StatisticalBarRendererTest,14,1,10,0,41,11
org.jfree.chart.renderer.category.StatisticalLineAndShapeRenderer,21,4,2,0,71,45
org.jfree.chart.renderer.category.StatisticalLineAndShapeRendererTest,12,1,8,0,38,8
org.jfree.chart.renderer.category.WaterfallBarRenderer,24,4,2,0,64,41
org.jfree.chart.renderer.category.WaterfallBarRendererTest,5,1,5,0,25,6
org.jfree.chart.renderer.xy.AbstractXYItemRenderer,85,2,11,18,209,169
org.jfree.chart.renderer.xy.AbstractXYItemRendererTest,11,1,7,0,39,8
org.jfree.chart.renderer.xy.CandlestickRenderer,25,3,2,0,84,77
org.jfree.chart.renderer.xy.CandlestickRendererTest,9,1,6,0,43,7
org.jfree.chart.renderer.xy.ClusteredXYBarRenderer,21,4,2,0,53,33
org.jfree.chart.renderer.xy.ClusteredXYBarRendererTest,8,1,6,0,26,7
org.jfree.chart.renderer.xy.CyclicXYItemRenderer,12,4,1,0,18,36
org.jfree.chart.renderer.xy.CyclicXYItemRenderer.OverwriteDataSet,6,1,5,0,16,15
org.jfree.chart.renderer.xy.DefaultXYItemRenderer,2,4,0,0,0,0
org.jfree.chart.renderer.xy.DeviationRenderer,20,4,4,1,51,28
org.jfree.chart.renderer.xy.DeviationRenderer.State,4,4,0,0,3,1
org.jfree.chart.renderer.xy.DeviationRendererTest,4,1,5,0,17,5
org.jfree.chart.renderer.xy.DeviationStepRenderer,17,5,1,0,48,31
org.jfree.chart.renderer.xy.DeviationStepRendererTest,5,1,5,0,17,5
org.jfree.chart.renderer.xy.GradientXYBarPainter,9,1,1,0,33,31
org.jfree.chart.renderer.xy.GradientXYBarPainterTest,3,1,4,0,11,4
org.jfree.chart.renderer.xy.HighLowRenderer,21,3,2,0,53,48
org.jfree.chart.renderer.xy.HighLowRendererTest,9,1,6,0,30,6
org.jfree.chart.renderer.xy.RendererXYPackageUtils,9,1,2,0,8,2
org.jfree.chart.renderer.xy.SamplingXYLineRenderer,16,3,2,0,43,20
org.jfree.chart.renderer.xy.SamplingXYLineRenderer.State,4,3,1,0,5,2
org.jfree.chart.renderer.xy.StackedXYAreaRenderer,24,4,4,0,86,55
org.jfree.chart.renderer.xy.StackedXYAreaRenderer.StackedXYAreaRendererState,3,3,4,0,11,8
org.jfree.chart.renderer.xy.StackedXYAreaRenderer2,21,4,2,0,47,44
org.jfree.chart.renderer.xy.StackedXYAreaRenderer2Test,15,1,6,0,35,7
org.jfree.chart.renderer.xy.StackedXYAreaRendererTest,16,1,8,0,39,8
org.jfree.chart.renderer.xy.StackedXYBarRenderer,24,4,3,0,56,43
org.jfree.chart.renderer.xy.StackedXYBarRendererTest,14,1,6,0,32,7
org.jfree.chart.renderer.xy.StandardXYBarPainter,8,1,2,0,24,21
org.jfree.chart.renderer.xy.StandardXYBarPainterTest,3,1,4,0,10,4
org.jfree.chart.renderer.xy.StandardXYItemRenderer,33,3,1,1,117,91
org.jfree.chart.renderer.xy.StandardXYItemRenderer.State,3,3,2,0,6,5
org.jfree.chart.renderer.xy.StandardXYItemRendererTest,18,1,6,0,58,7
org.jfree.chart.renderer.xy.VectorRenderer,18,3,2,0,40,30
org.jfree.chart.renderer.xy.VectorRendererTest,5,1,5,0,17,5
org.jfree.chart.renderer.xy.WindItemRenderer,14,3,1,0,25,3
org.jfree.chart.renderer.xy.WindItemRendererTest,4,1,5,0,15,5
org.jfree.chart.renderer.xy.XYAreaRenderer,30,3,3,1,102,68
org.jfree.chart.renderer.xy.XYAreaRenderer.XYAreaRendererState,3,3,0,0,4,1
org.jfree.chart.renderer.xy.XYAreaRenderer2,26,3,2,1,80,32
org.jfree.chart.renderer.xy.XYAreaRenderer2Test,11,1,7,0,40,7
org.jfree.chart.renderer.xy.XYAreaRendererTest,13,1,7,0,44,7
org.jfree.chart.renderer.xy.XYBarPainter,n/a,n/a,n/a,n/a,2,n/a
org.jfree.chart.renderer.xy.XYBarRenderer,40,3,7,2,143,125
org.jfree.chart.renderer.xy.XYBarRenderer.XYBarRendererState,4,3,1,0,4,3
org.jfree.chart.renderer.xy.XYBarRendererTest,25,1,9,0,74,11
org.jfree.chart.renderer.xy.XYBlockRenderer,21,3,1,0,58,50
org.jfree.chart.renderer.xy.XYBlockRendererTest,11,1,9,0,39,9
org.jfree.chart.renderer.xy.XYBoxAndWhiskerRenderer,25,3,2,0,95,65
org.jfree.chart.renderer.xy.XYBoxAndWhiskerRendererTest,9,1,6,0,34,6
org.jfree.chart.renderer.xy.XYBubbleRenderer,20,3,2,0,61,30
org.jfree.chart.renderer.xy.XYBubbleRendererTest,10,1,6,0,28,6
org.jfree.chart.renderer.xy.XYDifferenceRenderer,28,3,4,0,107,92
org.jfree.chart.renderer.xy.XYDifferenceRendererTest,11,1,3,0,38,7
org.jfree.chart.renderer.xy.XYDotRenderer,19,3,2,0,55,30
org.jfree.chart.renderer.xy.XYDotRendererTest,11,1,6,0,33,6
org.jfree.chart.renderer.xy.XYErrorRenderer,16,4,3,0,48,35
org.jfree.chart.renderer.xy.XYErrorRendererTest,5,1,7,0,30,9
org.jfree.chart.renderer.xy.XYItemRenderer,n/a,n/a,n/a,n/a,132,n/a
org.jfree.chart.renderer.xy.XYItemRendererState,40,2,3,6,9,7
org.jfree.chart.renderer.xy.XYLineAndShapeRenderer,39,3,3,6,122,107
org.jfree.chart.renderer.xy.XYLineAndShapeRenderer.State,9,3,1,2,8,4
org.jfree.chart.renderer.xy.XYLineAndShapeRendererTest,19,1,8,0,64,9
org.jfree.chart.renderer.xy.XYShapeRenderer,24,3,5,0,80,52
org.jfree.chart.renderer.xy.XYShapeRendererTest,8,1,4,0,36,5
org.jfree.chart.renderer.xy.XYSplineRenderer,16,4,2,0,51,46
org.jfree.chart.renderer.xy.XYSplineRenderer.FillType,2,n/a,2,n/a,2,0
org.jfree.chart.renderer.xy.XYSplineRenderer.XYSplineState,3,4,0,0,4,1
org.jfree.chart.renderer.xy.XYSplineRendererTest,8,1,5,0,22,5
org.jfree.chart.renderer.xy.XYStepAreaRenderer,19,3,2,0,58,62
org.jfree.chart.renderer.xy.XYStepAreaRendererTest,10,1,6,0,32,6
org.jfree.chart.renderer.xy.XYStepRenderer,21,4,1,0,40,28
org.jfree.chart.renderer.xy.XYStepRendererTest,10,1,7,0,30,7
org.jfree.chart.renderer.xy.YIntervalRenderer,21,3,2,0,52,18
org.jfree.chart.renderer.xy.YIntervalRendererTest,19,1,5,0,47,6
org.jfree.chart.swing.AbstractOverlay,5,1,1,1,12,7
org.jfree.chart.swing.ApplicationFrame,0,6,7,0,13,9
org.jfree.chart.swing.ChartFrame,2,6,1,0,8,4
org.jfree.chart.swing.ChartMouseEvent,5,2,3,0,5,4
org.jfree.chart.swing.ChartMouseListener,n/a,n/a,n/a,n/a,2,n/a
org.jfree.chart.swing.ChartPanel,31,5,7,1,336,272
org.jfree.chart.swing.ChartPanelTest,12,1,7,0,71,19
org.jfree.chart.swing.CrosshairOverlay,17,2,2,0,90,83
org.jfree.chart.swing.CrosshairOverlayTest,4,1,2,0,17,3
org.jfree.chart.swing.DefaultSelectionZoomStrategy,3,1,2,0,40,27
org.jfree.chart.swing.MouseWheelHandler,7,1,1,0,22,12
org.jfree.chart.swing.NumberCellRenderer,1,6,1,0,10,4
org.jfree.chart.swing.Overlay,n/a,n/a,n/a,n/a,3,n/a
org.jfree.chart.swing.OverlayChangeEvent,3,2,0,0,2,1
org.jfree.chart.swing.OverlayChangeListener,n/a,n/a,n/a,n/a,1,n/a
org.jfree.chart.swing.PolarChartPanel,5,6,2,0,32,18
org.jfree.chart.swing.SelectionZoomStrategy,n/a,n/a,n/a,n/a,15,n/a
org.jfree.chart.swing.UIUtils,1,1,5,0,38,13
org.jfree.chart.swing.editor.ChartEditor,n/a,n/a,n/a,n/a,1,n/a
org.jfree.chart.swing.editor.ChartEditorFactory,n/a,n/a,n/a,n/a,1,n/a
org.jfree.chart.swing.editor.ChartEditorManager,6,1,1,0,7,4
org.jfree.chart.swing.editor.DefaultAxisEditor,12,5,3,1,74,28
org.jfree.chart.swing.editor.DefaultChartEditor,11,5,1,0,50,11
org.jfree.chart.swing.editor.DefaultChartEditorFactory,5,1,1,0,3,2
org.jfree.chart.swing.editor.DefaultLogAxisEditor,6,7,1,0,34,12
org.jfree.chart.swing.editor.DefaultNumberAxisEditor,7,7,1,0,42,12
org.jfree.chart.swing.editor.DefaultPlotEditor,18,5,1,1,90,67
org.jfree.chart.swing.editor.DefaultPolarPlotEditor,7,6,2,0,39,14
org.jfree.chart.swing.editor.DefaultTitleEditor,8,5,1,0,57,19
org.jfree.chart.swing.editor.DefaultValueAxisEditor,9,6,2,2,65,33
org.jfree.chart.swing.editor.FontChooserPanel,2,5,1,0,39,15
org.jfree.chart.swing.editor.FontDisplayField,2,6,1,0,11,5
org.jfree.chart.swing.editor.LCBLayout,7,1,5,0,17,28
org.jfree.chart.swing.editor.PaintSample,5,4,2,0,15,5
org.jfree.chart.swing.editor.StrokeChooserPanel,4,5,1,0,16,4
org.jfree.chart.swing.editor.StrokeSample,3,4,2,0,22,8
org.jfree.chart.text.AttributedStringUtils,2,1,1,0,8,9
org.jfree.chart.text.G2TextMeasurer,6,1,1,0,6,2
org.jfree.chart.text.TextAnchor,51,n/a,3,n/a,10,8
org.jfree.chart.text.TextBlock,17,1,1,0,31,27
org.jfree.chart.text.TextBlockAnchor,12,n/a,2,n/a,2,0
org.jfree.chart.text.TextBox,9,1,1,0,61,47
org.jfree.chart.text.TextFragment,7,1,1,0,43,28
org.jfree.chart.text.TextLine,8,1,1,0,33,24
org.jfree.chart.text.TextMeasurer,n/a,n/a,n/a,n/a,1,n/a
org.jfree.chart.text.TextUtils,38,1,3,0,89,76
org.jfree.chart.text.format.HMSNumberFormat,1,3,2,0,8,4
org.jfree.chart.text.format.HMSNumberFormatTest,1,1,1,0,4,1
org.jfree.chart.text.format.HexNumberFormat,0,3,2,0,14,9
org.jfree.chart.text.format.LogFormat,2,3,2,0,20,20
org.jfree.chart.text.format.LogFormatTest,3,1,4,0,16,4
org.jfree.chart.text.format.RelativeDateFormat,2,3,2,0,46,46
org.jfree.chart.text.format.RelativeDateFormatTest,1,1,7,0,40,8
org.jfree.chart.title.CompositeTitle,13,3,2,0,40,18
org.jfree.chart.title.CompositeTitleTest,9,1,3,0,31,5
org.jfree.chart.title.DateTitle,7,4,1,0,12,5
org.jfree.chart.title.DateTitleTest,4,1,4,0,19,4
org.jfree.chart.title.ImageTitle,9,3,1,0,49,30
org.jfree.chart.title.ImageTitleTest,0,1,1,0,1,1
org.jfree.chart.title.ShortTextTitle,9,4,2,0,41,24
org.jfree.chart.title.ShortTextTitleTest,4,1,4,0,15,4
org.jfree.chart.title.TextTitle,38,3,1,2,101,99
org.jfree.chart.title.TextTitleTest,4,1,4,0,27,4
org.jfree.chart.title.Title,30,2,3,5,38,36
org.jfree.chart.title.TitleTest,5,1,2,0,11,2
org.jfree.chart.urls.CategoryURLGenerator,n/a,n/a,n/a,n/a,1,n/a
org.jfree.chart.urls.CustomCategoryURLGenerator,4,1,1,0,16,22
org.jfree.chart.urls.CustomCategoryURLGeneratorTest,4,1,5,0,23,5
org.jfree.chart.urls.CustomPieURLGenerator,5,1,1,0,22,20
org.jfree.chart.urls.CustomPieURLGeneratorTest,4,1,4,0,16,4
org.jfree.chart.urls.CustomXYURLGenerator,4,1,1,0,18,22
org.jfree.chart.urls.CustomXYURLGeneratorTest,4,1,5,0,23,5
org.jfree.chart.urls.PieURLGenerator,n/a,n/a,n/a,n/a,1,n/a
org.jfree.chart.urls.StandardCategoryURLGenerator,15,1,1,0,18,16
org.jfree.chart.urls.StandardCategoryURLGeneratorTest,4,1,4,0,14,4
org.jfree.chart.urls.StandardPieURLGenerator,6,1,1,0,13,13
org.jfree.chart.urls.StandardPieURLGeneratorTest,4,1,4,0,14,4
org.jfree.chart.urls.StandardXYURLGenerator,7,1,1,1,8,11
org.jfree.chart.urls.StandardXYURLGeneratorTest,3,1,2,0,6,2
org.jfree.chart.urls.StandardXYZURLGenerator,4,2,1,0,2,1
org.jfree.chart.urls.TimeSeriesURLGenerator,6,1,1,0,22,17
org.jfree.chart.urls.TimeSeriesURLGeneratorTest,4,1,4,0,16,4
org.jfree.chart.urls.XYURLGenerator,n/a,n/a,n/a,n/a,1,n/a
org.jfree.chart.urls.XYZURLGenerator,n/a,n/a,n/a,n/a,1,n/a
org.jfree.chart.util.AttrStringUtils,5,1,2,0,33,32
org.jfree.chart.util.DefaultShadowGenerator,7,1,1,0,30,28
org.jfree.chart.util.DirectionalGradientPaintTransformer,1,1,1,0,16,10
org.jfree.chart.util.ExportUtils,2,1,4,0,24,8
org.jfree.chart.util.GradientPaintTransformType,10,n/a,2,n/a,2,0
org.jfree.chart.util.GradientPaintTransformer,n/a,n/a,n/a,n/a,1,n/a
org.jfree.chart.util.PaintAlpha,1,1,1,0,57,27
org.jfree.chart.util.ShadowGenerator,n/a,n/a,n/a,n/a,3,n/a
org.jfree.chart.util.StandardGradientPaintTransformer,19,1,1,0,22,16
org.jfree.chart.util.StringUtils,2,1,3,0,7,6
org.jfree.data.ComparableObjectItem,16,1,2,5,14,13
org.jfree.data.ComparableObjectItemTest,3,1,5,0,17,5
org.jfree.data.ComparableObjectSeries,22,2,1,6,45,50
org.jfree.data.ComparableObjectSeriesTest,5,1,5,0,25,5
org.jfree.data.ComparableObjectSeriesTest.MyComparableObjectSeries,3,3,2,0,8,4
org.jfree.data.DataUtils,13,1,6,0,21,32
org.jfree.data.DataUtilsTest,3,1,3,0,21,7
org.jfree.data.DatasetChangeConfirmation,6,1,1,0,1,1
org.jfree.data.DefaultKeyedValue,6,1,2,0,14,13
org.jfree.data.DefaultKeyedValueTest,3,1,5,0,18,5
org.jfree.data.DefaultKeyedValues,16,1,1,0,52,43
org.jfree.data.DefaultKeyedValues2D,13,1,1,0,55,56
org.jfree.data.DefaultKeyedValues2DTest,4,1,13,0,39,14
org.jfree.data.DefaultKeyedValuesTest,5,1,16,0,48,18
org.jfree.data.DomainInfo,n/a,n/a,n/a,n/a,3,n/a
org.jfree.data.DomainOrder,13,n/a,2,n/a,2,0
org.jfree.data.DomainOrderTest,2,1,1,0,9,3
org.jfree.data.ItemKey,n/a,n/a,n/a,n/a,1,n/a
org.jfree.data.KeyToGroupMap,7,1,1,0,40,34
org.jfree.data.KeyToGroupMapTest,3,1,8,0,23,8
org.jfree.data.KeyedObject,3,1,2,0,11,12
org.jfree.data.KeyedObjectTest,4,1,4,0,15,4
org.jfree.data.KeyedObjects,6,1,1,0,35,37
org.jfree.data.KeyedObjects2D,8,1,1,0,47,56
org.jfree.data.KeyedObjects2DTest,4,1,11,0,33,11
org.jfree.data.KeyedObjectsTest,5,1,10,0,31,10
org.jfree.data.KeyedValue,n/a,n/a,n/a,n/a,1,n/a
org.jfree.data.KeyedValueComparator,6,1,1,0,11,18
org.jfree.data.KeyedValueComparatorType,2,n/a,2,n/a,2,0
org.jfree.data.KeyedValues,n/a,n/a,n/a,n/a,4,n/a
org.jfree.data.KeyedValues2D,n/a,n/a,n/a,n/a,7,n/a
org.jfree.data.KeyedValues2DItemKey,4,1,1,0,16,13
org.jfree.data.KeyedValuesItemKey,2,1,1,0,13,9
org.jfree.data.Range,139,1,1,1,29,50
org.jfree.data.RangeInfo,n/a,n/a,n/a,n/a,3,n/a
org.jfree.data.RangeTest,2,1,9,0,38,13
org.jfree.data.RangeType,3,n/a,2,n/a,2,0
org.jfree.data.RangeTypeTest,2,1,1,0,9,3
org.jfree.data.UnknownKeyException,20,5,0,0,2,1
org.jfree.data.Value,n/a,n/a,n/a,n/a,1,n/a
org.jfree.data.Values,n/a,n/a,n/a,n/a,2,n/a
org.jfree.data.Values2D,n/a,n/a,n/a,n/a,3,n/a
org.jfree.data.category.CategoryDataset,n/a,n/a,n/a,n/a,0,n/a
org.jfree.data.category.CategoryRangeInfo,n/a,n/a,n/a,n/a,1,n/a
org.jfree.data.category.CategoryToPieDataset,14,2,2,0,29,39
org.jfree.data.category.CategoryToPieDatasetTest,5,1,1,0,27,6
org.jfree.data.category.DefaultCategoryDataset,41,2,1,1,55,35
org.jfree.data.category.DefaultCategoryDatasetTest,5,1,14,0,39,14
org.jfree.data.category.DefaultIntervalCategoryDataset,10,3,2,0,49,83
org.jfree.data.category.DefaultIntervalCategoryDatasetTest,4,1,20,0,50,20
org.jfree.data.category.IntervalCategoryDataset,n/a,n/a,n/a,n/a,4,n/a
org.jfree.data.category.SlidingCategoryDataset,7,2,1,0,40,34
org.jfree.data.category.SlidingCategoryDatasetTest,5,1,9,0,33,9
org.jfree.data.flow.DefaultFlowDataset,8,2,3,0,50,42
org.jfree.data.flow.DefaultFlowDatasetTest,3,1,6,0,19,6
org.jfree.data.flow.FlowDataset,n/a,n/a,n/a,n/a,8,n/a
org.jfree.data.flow.FlowDatasetUtils,5,1,4,0,19,26
org.jfree.data.flow.FlowKey,11,1,3,0,13,14
org.jfree.data.flow.FlowKeyTest,2,1,3,0,11,3
org.jfree.data.flow.NodeKey,9,1,2,0,12,12
org.jfree.data.flow.NodeKeyTest,2,1,3,0,11,3
org.jfree.data.function.Function2D,n/a,n/a,n/a,n/a,1,n/a
org.jfree.data.function.LineFunction2D,4,1,1,0,7,9
org.jfree.data.function.LineFunction2DTest,2,1,4,0,13,4
org.jfree.data.function.NormalDistributionFunction2D,3,1,2,0,10,10
org.jfree.data.function.NormalDistributionFunction2DTest,2,1,4,0,13,4
org.jfree.data.function.PolynomialFunction2D,5,1,1,0,11,8
org.jfree.data.function.PolynomialFunction2DTest,2,1,6,0,16,6
org.jfree.data.function.PowerFunction2D,3,1,1,0,8,9
org.jfree.data.function.PowerFunction2DTest,2,1,4,0,13,4
org.jfree.data.gantt.GanttCategoryDataset,n/a,n/a,n/a,n/a,10,n/a
org.jfree.data.gantt.SlidingGanttCategoryDataset,8,2,1,0,59,61
org.jfree.data.gantt.SlidingGanttCategoryDatasetTest,7,1,4,0,26,6
org.jfree.data.gantt.Task,13,1,4,0,27,22
org.jfree.data.gantt.TaskSeries,11,2,1,0,28,17
org.jfree.data.gantt.TaskSeriesCollection,16,3,1,0,70,64
org.jfree.data.gantt.TaskSeriesCollectionTest,7,1,10,0,76,27
org.jfree.data.gantt.TaskSeriesTest,4,1,4,0,17,4
org.jfree.data.gantt.TaskTest,4,1,4,0,21,4
org.jfree.data.gantt.XYTaskDataset,11,4,2,0,49,44
org.jfree.data.gantt.XYTaskDatasetTest,6,1,3,0,21,3
org.jfree.data.general.AbstractDataset,55,1,1,15,24,16
org.jfree.data.general.AbstractSeriesDataset,11,2,2,3,8,5
org.jfree.data.general.Dataset,n/a,n/a,n/a,n/a,2,n/a
org.jfree.data.general.DatasetChangeEvent,34,2,1,0,3,2
org.jfree.data.general.DatasetChangeListener,n/a,n/a,n/a,n/a,1,n/a
org.jfree.data.general.DatasetUtils,63,1,17,0,135,319
org.jfree.data.general.DatasetUtilsTest,33,1,17,0,174,65
org.jfree.data.general.DefaultHeatMapDataset,5,2,3,0,22,32
org.jfree.data.general.DefaultHeatMapDatasetTest,6,1,2,0,27,5
org.jfree.data.general.DefaultKeyedValueDataset,7,2,1,0,19,20
org.jfree.data.general.DefaultKeyedValueDatasetTest,3,1,4,0,14,4
org.jfree.data.general.DefaultKeyedValues2DDataset,3,3,0,0,0,0
org.jfree.data.general.DefaultKeyedValues2DDatasetTest,4,1,2,0,12,2
org.jfree.data.general.DefaultKeyedValuesDataset,3,3,0,0,0,0
org.jfree.data.general.DefaultKeyedValuesDatasetTest,5,1,2,0,10,2
org.jfree.data.general.DefaultPieDataset,25,2,1,1,44,29
org.jfree.data.general.DefaultPieDatasetTest,6,1,6,0,27,7
org.jfree.data.general.DefaultValueDataset,10,2,1,0,14,10
org.jfree.data.general.HeatMapDataset,n/a,n/a,n/a,n/a,10,n/a
org.jfree.data.general.HeatMapUtils,6,1,3,0,17,7
org.jfree.data.general.IntervalDataItem,1,1,3,0,4,4
org.jfree.data.general.KeyedValueDataset,n/a,n/a,n/a,n/a,0,n/a
org.jfree.data.general.KeyedValues2DDataset,n/a,n/a,n/a,n/a,0,n/a
org.jfree.data.general.KeyedValuesDataset,n/a,n/a,n/a,n/a,0,n/a
org.jfree.data.general.PieDataset,n/a,n/a,n/a,n/a,0,n/a
org.jfree.data.general.Series,36,1,3,6,23,19
org.jfree.data.general.SeriesChangeEvent,14,2,0,0,2,1
org.jfree.data.general.SeriesChangeListener,n/a,n/a,n/a,n/a,1,n/a
org.jfree.data.general.SeriesDataset,n/a,n/a,n/a,n/a,3,n/a
org.jfree.data.general.SeriesException,7,4,0,0,2,1
org.jfree.data.general.TestIntervalCategoryDataset,7,2,1,0,57,43
org.jfree.data.general.TestIntervalXYZDataset,4,1,7,0,21,20
org.jfree.data.general.ValueDataset,n/a,n/a,n/a,n/a,0,n/a
org.jfree.data.general.WaferMapDataset,5,2,4,0,31,29
org.jfree.data.io.CSV,2,1,1,0,19,16
org.jfree.data.json.JSONUtils,4,1,2,0,17,14
org.jfree.data.json.impl.JSONArray,3,4,2,0,16,13
org.jfree.data.json.impl.JSONAware,n/a,n/a,n/a,n/a,1,n/a
org.jfree.data.json.impl.JSONObject,3,3,2,0,24,14
org.jfree.data.json.impl.JSONStreamAware,n/a,n/a,n/a,n/a,1,n/a
org.jfree.data.json.impl.JSONValue,5,1,1,0,25,40
org.jfree.data.resources.DataPackageResources,0,3,1,0,1,1
org.jfree.data.resources.DataPackageResources_de,0,3,1,0,1,1
org.jfree.data.resources.DataPackageResources_es,0,3,1,0,1,1
org.jfree.data.resources.DataPackageResources_fr,0,3,1,0,1,1
org.jfree.data.resources.DataPackageResources_pl,0,3,1,0,1,1
org.jfree.data.resources.DataPackageResources_ru,0,3,1,0,1,1
org.jfree.data.statistics.BoxAndWhiskerCalculator,5,1,1,0,18,19
org.jfree.data.statistics.BoxAndWhiskerCalculatorTest,2,1,1,0,21,4
org.jfree.data.statistics.BoxAndWhiskerCategoryDataset,n/a,n/a,n/a,n/a,18,n/a
org.jfree.data.statistics.BoxAndWhiskerItem,10,1,9,0,19,26
org.jfree.data.statistics.BoxAndWhiskerItemTest,2,1,2,0,6,2
org.jfree.data.statistics.BoxAndWhiskerXYDataset,n/a,n/a,n/a,n/a,11,n/a
org.jfree.data.statistics.DefaultBoxAndWhiskerCategoryDataset,10,2,1,2,81,82
org.jfree.data.statistics.DefaultBoxAndWhiskerCategoryDatasetTest,6,1,8,0,43,9
org.jfree.data.statistics.DefaultBoxAndWhiskerXYDataset,9,4,4,0,51,49
org.jfree.data.statistics.DefaultBoxAndWhiskerXYDatasetTest,5,1,6,0,38,6
org.jfree.data.statistics.DefaultMultiValueCategoryDataset,10,2,1,0,49,41
org.jfree.data.statistics.DefaultMultiValueCategoryDatasetTest,4,1,8,0,26,8
org.jfree.data.statistics.DefaultStatisticalCategoryDataset,12,2,1,0,62,65
org.jfree.data.statistics.DefaultStatisticalCategoryDatasetTest,5,1,6,0,36,11
org.jfree.data.statistics.HistogramBin,2,1,2,0,12,13
org.jfree.data.statistics.HistogramBinTest,3,1,3,0,10,3
org.jfree.data.statistics.HistogramDataset,9,5,1,0,43,43
org.jfree.data.statistics.HistogramDatasetTest,8,1,6,0,29,11
org.jfree.data.statistics.HistogramType,1,n/a,2,n/a,2,0
org.jfree.data.statistics.MeanAndStandardDeviation,2,1,1,0,13,15
org.jfree.data.statistics.MeanAndStandardDeviationTest,2,1,3,0,8,3
org.jfree.data.statistics.MultiValueCategoryDataset,n/a,n/a,n/a,n/a,2,n/a
org.jfree.data.statistics.Regression,4,1,3,0,16,36
org.jfree.data.statistics.RegressionTest,4,1,2,0,18,14
org.jfree.data.statistics.SimpleHistogramBin,4,1,2,0,16,35
org.jfree.data.statistics.SimpleHistogramBinTest,3,1,5,0,19,5
org.jfree.data.statistics.SimpleHistogramDataset,11,5,4,0,51,43
org.jfree.data.statistics.SimpleHistogramDatasetTest,4,1,5,0,22,5
org.jfree.data.statistics.StatisticalCategoryDataset,n/a,n/a,n/a,n/a,4,n/a
org.jfree.data.statistics.Statistics,4,1,1,0,25,46
org.jfree.data.statistics.StatisticsTest,1,1,11,0,28,12
org.jfree.data.time.DateRange,5,2,2,0,16,9
org.jfree.data.time.DateRangeTest,2,1,4,0,13,4
org.jfree.data.time.Day,26,2,2,0,47,31
org.jfree.data.time.DayTest,5,1,18,0,86,35
org.jfree.data.time.DynamicTimeSeriesCollection,14,5,1,0,59,90
org.jfree.data.time.DynamicTimeSeriesCollection.ValueSequence,1,1,1,0,4,5
org.jfree.data.time.FixedMillisecond,3,2,2,0,20,24
org.jfree.data.time.FixedMillisecondTest,2,1,4,0,16,4
org.jfree.data.time.Hour,11,2,1,0,51,37
org.jfree.data.time.HourTest,5,1,20,0,78,31
org.jfree.data.time.Millisecond,8,2,1,0,46,36
org.jfree.data.time.MillisecondTest,8,1,18,0,83,27
org.jfree.data.time.Minute,12,2,2,0,52,36
org.jfree.data.time.MinuteTest,6,1,18,0,76,27
org.jfree.data.time.Month,12,2,2,0,45,47
org.jfree.data.time.MonthTest,7,1,18,0,81,35
org.jfree.data.time.MovingAverage,11,1,3,0,33,32
org.jfree.data.time.MovingAverageTest,4,1,1,0,11,2
org.jfree.data.time.Quarter,7,2,2,0,43,35
org.jfree.data.time.QuarterTest,5,1,21,0,81,36
org.jfree.data.time.RegularTimePeriod,42,1,9,10,34,24
org.jfree.data.time.Second,11,2,2,0,52,38
org.jfree.data.time.SecondTest,7,1,17,0,78,26
org.jfree.data.time.SimpleTimePeriod,8,1,1,0,15,20
org.jfree.data.time.SimpleTimePeriodTest,2,1,7,0,18,7
org.jfree.data.time.TimePeriod,n/a,n/a,n/a,n/a,2,n/a
org.jfree.data.time.TimePeriodAnchor,11,n/a,2,n/a,2,0
org.jfree.data.time.TimePeriodAnchorTest,2,1,1,0,5,2
org.jfree.data.time.TimePeriodFormatException,7,5,0,0,2,1
org.jfree.data.time.TimePeriodValue,6,1,2,0,15,17
org.jfree.data.time.TimePeriodValueTest,4,1,4,0,14,4
org.jfree.data.time.TimePeriodValues,8,2,1,0,44,44
org.jfree.data.time.TimePeriodValuesCollection,12,5,1,0,56,41
org.jfree.data.time.TimePeriodValuesCollectionTest,8,1,5,0,27,6
org.jfree.data.time.TimePeriodValuesTest,11,1,12,0,48,12
org.jfree.data.time.TimePeriodValuesTest.MySeriesChangeListener,3,1,1,0,4,4
org.jfree.data.time.TimeSeries,17,2,1,0,109,138
org.jfree.data.time.TimeSeriesCollection,22,5,2,0,85,71
org.jfree.data.time.TimeSeriesCollectionTest,12,1,10,0,71,13
org.jfree.data.time.TimeSeriesDataItem,6,1,2,0,16,15
org.jfree.data.time.TimeSeriesDataItemTest,3,1,3,0,9,3
org.jfree.data.time.TimeSeriesTableModel,5,2,6,0,21,26
org.jfree.data.time.TimeSeriesTest,16,1,21,0,115,44
org.jfree.data.time.TimeTableXYDataset,14,5,1,0,67,51
org.jfree.data.time.TimeTableXYDatasetTest,5,1,6,0,27,6
org.jfree.data.time.Week,5,2,2,0,50,53
org.jfree.data.time.WeekTest,4,1,14,0,88,37
org.jfree.data.time.Year,22,2,2,0,32,26
org.jfree.data.time.YearTest,4,1,22,0,73,31
org.jfree.data.time.ohlc.OHLC,3,1,4,0,8,13
org.jfree.data.time.ohlc.OHLCItem,6,2,2,0,15,11
org.jfree.data.time.ohlc.OHLCItemTest,5,1,5,0,22,5
org.jfree.data.time.ohlc.OHLCSeries,8,3,2,0,21,8
org.jfree.data.time.ohlc.OHLCSeriesCollection,14,4,3,0,60,40
org.jfree.data.time.ohlc.OHLCSeriesCollectionTest,9,1,7,0,33,9
org.jfree.data.time.ohlc.OHLCSeriesTest,9,1,11,0,38,12
org.jfree.data.time.ohlc.OHLCTest,2,1,4,0,11,4
org.jfree.data.xml.CategoryDatasetHandler,6,3,2,0,16,9
org.jfree.data.xml.CategorySeriesHandler,5,2,1,0,17,9
org.jfree.data.xml.DatasetReader,5,1,1,0,17,7
org.jfree.data.xml.DatasetTags,n/a,n/a,n/a,n/a,0,n/a
org.jfree.data.xml.ItemHandler,6,2,1,0,15,11
org.jfree.data.xml.KeyHandler,4,2,1,0,18,9
org.jfree.data.xml.PieDatasetHandler,6,3,2,0,15,9
org.jfree.data.xml.RootHandler,7,2,1,2,12,10
org.jfree.data.xml.ValueHandler,4,2,1,0,18,10
org.jfree.data.xy.AbstractIntervalXYDataset,19,4,1,14,9,8
org.jfree.data.xy.AbstractXYDataset,17,3,2,10,6,5
org.jfree.data.xy.AbstractXYZDataset,4,4,1,2,3,2
org.jfree.data.xy.CategoryTableXYDataset,11,5,2,0,55,33
org.jfree.data.xy.CategoryTableXYDatasetTest,6,1,6,0,23,6
org.jfree.data.xy.DefaultHighLowDataset,6,4,4,0,24,34
org.jfree.data.xy.DefaultHighLowDatasetTest,4,1,4,0,14,4
org.jfree.data.xy.DefaultIntervalXYDataset,11,5,1,0,39,34
org.jfree.data.xy.DefaultIntervalXYDatasetTest,5,1,3,0,39,17
org.jfree.data.xy.DefaultOHLCDataset,9,4,3,0,33,29
org.jfree.data.xy.DefaultOHLCDatasetTest,6,1,6,0,22,6
org.jfree.data.xy.DefaultTableXYDataset,26,5,2,0,89,69
org.jfree.data.xy.DefaultTableXYDatasetTest,8,1,6,0,25,6
org.jfree.data.xy.DefaultWindDataset,7,4,2,0,29,26
org.jfree.data.xy.DefaultWindDatasetTest,7,1,2,0,24,8
org.jfree.data.xy.DefaultXYDataset,17,4,2,4,33,29
org.jfree.data.xy.DefaultXYDatasetTest,4,1,6,0,24,8
org.jfree.data.xy.DefaultXYZDataset,12,5,2,0,36,29
org.jfree.data.xy.DefaultXYZDatasetTest,4,1,6,0,24,8
org.jfree.data.xy.IntervalXYDataset,n/a,n/a,n/a,n/a,8,n/a
org.jfree.data.xy.IntervalXYDelegate,14,1,1,0,38,40
org.jfree.data.xy.IntervalXYDelegateTest,5,1,3,0,18,3
org.jfree.data.xy.IntervalXYZDataset,n/a,n/a,n/a,n/a,6,n/a
org.jfree.data.xy.MatrixSeries,6,2,1,1,14,20
org.jfree.data.xy.MatrixSeriesCollection,9,5,1,0,38,23
org.jfree.data.xy.MatrixSeriesCollectionTest,5,1,4,0,17,4
org.jfree.data.xy.MatrixSeriesTest,3,1,6,0,21,6
org.jfree.data.xy.NormalizedMatrixSeries,1,3,1,0,12,6
org.jfree.data.xy.OHLCDataItem,6,1,6,0,14,17
org.jfree.data.xy.OHLCDataItemTest,2,1,3,0,8,3
org.jfree.data.xy.OHLCDataset,n/a,n/a,n/a,n/a,10,n/a
org.jfree.data.xy.TableXYDataset,n/a,n/a,n/a,n/a,1,n/a
org.jfree.data.xy.TableXYDatasetTest,5,1,3,0,38,13
org.jfree.data.xy.Vector,4,1,1,0,10,11
org.jfree.data.xy.VectorDataItem,6,2,4,0,15,8
org.jfree.data.xy.VectorDataItemTest,4,1,4,0,14,4
org.jfree.data.xy.VectorSeries,7,3,3,0,20,10
org.jfree.data.xy.VectorSeriesCollection,12,4,1,0,41,22
org.jfree.data.xy.VectorSeriesCollectionTest,7,1,5,0,25,5
org.jfree.data.xy.VectorSeriesTest,8,1,7,0,39,12
org.jfree.data.xy.VectorTest,2,1,4,0,11,4
org.jfree.data.xy.VectorXYDataset,n/a,n/a,n/a,n/a,3,n/a
org.jfree.data.xy.WindDataItem,1,1,3,0,9,14
org.jfree.data.xy.WindDataset,n/a,n/a,n/a,n/a,2,n/a
org.jfree.data.xy.XIntervalDataItem,5,2,2,0,12,8
org.jfree.data.xy.XIntervalDataItemTest,3,1,4,0,17,4
org.jfree.data.xy.XIntervalSeries,6,3,2,0,17,9
org.jfree.data.xy.XIntervalSeriesCollection,11,5,1,0,50,27
org.jfree.data.xy.XIntervalSeriesCollectionTest,7,1,6,0,25,6
org.jfree.data.xy.XIntervalSeriesTest,7,1,8,0,43,14
org.jfree.data.xy.XYBarDataset,12,5,2,0,36,29
org.jfree.data.xy.XYBarDatasetTest,5,1,4,0,16,4
org.jfree.data.xy.XYCoordinate,3,1,1,0,10,17
org.jfree.data.xy.XYCoordinateTest,2,1,4,0,11,4
org.jfree.data.xy.XYDataItem,4,1,2,0,21,21
org.jfree.data.xy.XYDataItemTest,3,1,3,0,12,3
org.jfree.data.xy.XYDataset,n/a,n/a,n/a,n/a,6,n/a
org.jfree.data.xy.XYDatasetTableModel,6,2,3,0,20,17
org.jfree.data.xy.XYDomainInfo,n/a,n/a,n/a,n/a,1,n/a
org.jfree.data.xy.XYInterval,2,1,5,0,7,14
org.jfree.data.xy.XYIntervalDataItem,4,2,2,0,16,12
org.jfree.data.xy.XYIntervalDataItemTest,3,1,4,0,21,4
org.jfree.data.xy.XYIntervalSeries,8,3,2,0,21,11
org.jfree.data.xy.XYIntervalSeriesCollection,12,5,1,0,47,27
org.jfree.data.xy.XYIntervalSeriesCollectionTest,5,1,6,0,23,6
org.jfree.data.xy.XYIntervalSeriesTest,7,1,8,0,44,13
org.jfree.data.xy.XYIntervalTest,2,1,3,0,8,3
org.jfree.data.xy.XYItemKey,3,1,1,0,17,13
org.jfree.data.xy.XYRangeInfo,n/a,n/a,n/a,n/a,1,n/a
org.jfree.data.xy.XYSeries,50,2,1,0,82,100
org.jfree.data.xy.XYSeriesCollection,50,5,1,0,97,81
org.jfree.data.xy.XYSeriesCollectionTest,10,1,13,0,57,16
org.jfree.data.xy.XYSeriesTest,7,1,17,0,84,36
org.jfree.data.xy.XYZDataset,n/a,n/a,n/a,n/a,2,n/a
org.jfree.data.xy.XisSymbolic,n/a,n/a,n/a,n/a,3,n/a
org.jfree.data.xy.YInterval,2,1,3,0,5,10
org.jfree.data.xy.YIntervalDataItem,4,2,2,0,12,8
org.jfree.data.xy.YIntervalDataItemTest,3,1,4,0,19,4
org.jfree.data.xy.YIntervalSeries,8,3,2,0,17,9
org.jfree.data.xy.YIntervalSeriesCollection,12,5,1,0,42,24
org.jfree.data.xy.YIntervalSeriesCollectionTest,5,1,6,0,23,6
org.jfree.data.xy.YIntervalSeriesTest,7,1,8,0,39,12
org.jfree.data.xy.YIntervalTest,2,1,3,0,8,3
org.jfree.data.xy.YWithXInterval,2,1,3,0,5,10
org.jfree.data.xy.YWithXIntervalTest,2,1,3,0,8,3
org.jfree.data.xy.YisSymbolic,n/a,n/a,n/a,n/a,3,n/a

